claw_length_cm,size_cm,tail_length_cm,weight_kg
9.045,60.409,5.53,3.463
7.904,60.726,5.164,3.665
6.637,62.016,3.309,4.947
7.284,47.19,4.925,3.016
7.38,61.559,5.384,3.817
5.868,49.0,6.386,1.407
7.42,60.244,5.288,4.443
8.3,50.375,4.293,5.165
4.08,63.347,1.836,4.734
8.153,50.961,5.059,5.27
9.436,60.122,6.132,2.914
8.452,67.603,0.149,6.184
7.113,63.059,4.411,6.553
6.204,60.859,3.111,5.551
7.344,51.27,4.982,5.3
7.769,48.069,4.58,4.299
8.204,49.211,5.399,5.334
4.929,49.379,5.648,4.754
9.415,60.007,3.071,3.143
7.351,61.034,6.659,5.047
5.944,61.261,5.805,5.002
8.53,61.231,6.303,4.554
6.546,64.309,4.593,6.484
6.538,62.412,1.04,4.791
9.508,61.311,4.706,3.238
6.879,49.733,4.356,4.432
5.373,62.81,3.004,3.993
8.588,49.929,5.073,4.415
8.915,66.239,-0.715,6.292
7.692,61.046,4.924,3.227
5.559,62.047,4.653,5.865
10.874,63.96,-0.403,7.102
7.799,51.299,4.982,3.681
8.245,59.971,5.474,3.829
8.469,59.789,5.006,5.281
6.822,60.63,6.199,3.514
6.672,64.459,3.238,6.877
7.099,48.852,3.352,3.959
9.412,66.061,1.16,6.795
7.483,63.974,5.24,6.594
8.562,66.621,2.891,7.213
6.982,62.471,4.297,6.558
7.795,51.271,6.425,4.629
6.289,62.611,7.233,4.817
6.956,48.481,4.493,4.841
8.625,65.515,0.246,5.884
6.12,50.694,6.026,3.438
6.176,50.134,3.332,3.54
7.773,50.233,5.113,4.343
9.611,66.557,0.782,5.997
8.221,60.003,5.043,4.721
7.419,60.259,3.251,3.654
5.363,64.634,0.462,4.117
7.114,63.712,4.15,5.585
5.452,63.537,0.201,5.722
7.087,50.106,4.947,3.68
6.543,62.709,1.754,5.306
7.934,63.09,1.506,6.599
6.932,60.995,5.427,5.84
5.991,63.497,2.437,4.977
6.475,61.236,2.516,4.909
7.03,63.156,4.234,6.248
7.291,61.184,4.914,4.79
6.188,60.286,6.282,3.403
7.371,60.382,5.656,4.105
6.679,62.373,4.93,3.104
6.649,60.015,7.908,5.13
8.413,66.17,0.476,5.321
4.958,63.01,3.274,5.009
8.103,60.894,5.581,3.241
7.97,50.033,5.281,4.864
5.594,61.702,2.313,5.79
8.304,63.249,5.101,6.653
9.021,60.938,6.814,3.938
9.316,64.839,0.135,6.076
8.653,65.191,-1.07,7.487
4.446,62.641,4.472,6.456
7.773,47.351,3.15,4.96
5.475,62.268,7.593,2.8
10.023,59.689,5.182,4.111
6.49,63.078,4.195,5.188
6.86,64.084,1.455,4.978
5.228,60.214,2.113,4.945
4.976,63.265,1.942,7.046
9.294,66.442,1.066,7.831
6.793,48.2,4.431,5.695
8.476,64.199,6.5,6.792
6.919,63.228,3.724,5.119
7.821,65.484,0.473,7.072
7.48,61.684,3.796,3.683
7.451,65.991,-0.581,5.906
9.863,66.512,1.475,5.085
4.934,62.513,3.419,6.355
7.257,61.645,4.844,3.472
7.511,63.125,2.236,5.698
5.272,64.028,2.787,4.744
5.837,63.467,5.343,3.364
8.592,48.721,5.292,5.602
7.149,63.035,6.144,6.487
5.972,63.167,2.586,3.702
6.706,62.677,1.862,6.802
8.662,65.945,0.889,6.928
4.584,62.8,1.558,6.868
7.156,50.434,3.66,5.096
4.735,61.712,2.138,6.138
7.578,59.674,5.742,4.251
9.746,66.118,1.202,5.406
4.109,61.868,3.168,4.745
7.229,66.149,0.263,7.206
9.524,48.851,5.432,4.921
7.056,65.17,4.884,4.802
7.93,61.284,7.722,4.934
7.464,50.037,5.574,5.303
6.539,60.373,6.023,4.352
5.885,61.598,5.723,3.331
7.739,61.747,6.715,3.928
8.846,50.416,5.674,4.593
5.349,60.89,5.784,3.086
7.233,64.541,4.95,5.914
5.925,50.485,4.806,3.348
8.25,66.951,-0.982,5.708
7.062,64.996,3.396,5.661
7.495,61.379,5.603,4.739
7.19,49.792,3.457,6.373
7.489,51.2,5.941,4.394
5.624,60.774,5.365,5.566
10.025,66.278,-0.37,4.821
8.093,66.261,1.887,6.076
7.928,65.466,0.931,6.505
8.233,66.429,-2.942,8.044
8.027,63.985,0.811,5.802
8.048,65.663,2.555,6.334
7.358,59.929,4.43,4.026
4.786,62.662,2.626,4.111
8.029,63.566,-0.332,5.975
6.915,49.996,6.179,4.577
8.584,65.054,6.456,4.577
6.66,61.065,6.325,4.647
7.808,62.714,5.5,6.551
5.945,62.459,6.983,5.623
7.083,59.249,5.891,3.915
8.452,61.637,3.532,5.849
6.78,61.71,5.632,3.476
6.959,49.269,4.279,5.887
8.075,66.535,0.123,5.554
7.695,48.996,5.202,4.403
8.057,61.229,5.807,4.108
7.535,63.209,2.4,4.808
9.394,49.063,4.398,6.016
12.058,64.42,-0.626,6.582
6.827,48.878,5.672,4.002
7.507,50.618,4.615,6.224
7.966,62.811,5.366,5.325
8.349,63.066,4.642,6.435
8.162,64.121,5.87,5.332
7.451,51.362,5.758,5.918
6.727,49.011,3.972,4.516
7.763,64.659,4.189,4.945
7.469,50.963,4.705,3.297
4.874,64.417,2.963,4.764
6.94,62.25,2.36,4.485
8.799,48.872,6.082,4.221
6.975,61.739,4.256,5.233
7.456,61.855,4.585,5.479
8.421,60.12,6.232,3.299
7.406,60.567,4.954,5.321
8.98,61.07,5.474,3.292
7.474,52.163,5.445,3.9
6.31,62.649,2.516,5.441
8.462,66.097,1.988,6.199
7.438,50.059,5.46,4.746
5.677,62.465,1.522,5.75
7.269,66.578,0.261,8.115
5.851,62.409,2.61,7.139
7.787,66.377,0.089,7.176
7.039,49.843,5.896,4.491
8.132,49.726,4.1,5.707
9.487,65.932,0.577,6.701
6.446,61.061,5.887,2.999
6.909,62.073,2.314,7.999
8.278,66.595,1.584,5.715
8.11,63.708,5.672,4.297
7.238,62.837,1.899,5.765
8.021,64.866,1.745,5.714
6.26,62.789,2.867,3.907
5.297,49.46,5.747,3.091
8.941,63.789,5.25,7.087
8.217,50.431,4.391,6.117
8.308,63.154,4.604,3.459
4.841,63.217,2.903,5.291
5.343,52.162,6.075,3.7
6.417,61.436,6.092,3.282
8.749,60.237,6.072,3.812
8.672,65.083,0.984,5.556
8.505,67.005,-0.038,6.037
4.892,61.612,1.364,4.61
9.174,61.319,5.103,5.518
5.852,61.221,4.771,4.406
7.215,65.057,3.841,4.695
5.737,62.094,6.072,4.353
6.559,62.479,5.695,4.148
10.354,64.546,-0.34,6.543
8.396,49.567,4.322,3.779
7.126,62.356,2.835,6.246
7.22,61.251,6.199,3.934
7.093,50.62,4.381,3.939
6.751,50.677,4.271,3.921
9.149,65.915,-1.406,5.456
11.096,67.665,1.208,6.635
6.654,62.862,0.292,5.831
7.365,50.171,4.151,5.993
10.516,66.628,-0.685,7.427
9.811,66.496,-0.48,5.472
8.365,66.992,-0.41,5.039
6.515,60.107,4.196,3.741
8.752,62.978,4.458,6.843
8.802,61.403,7.105,6.325
6.649,62.541,2.44,5.331
8.843,49.486,4.63,4.686
7.017,61.558,2.635,5.027
6.655,61.972,5.543,4.32
4.746,63.206,2.104,5.793
9.131,48.962,3.964,3.315
9.009,66.797,-0.804,6.023
6.461,62.772,7.437,4.249
7.815,50.198,3.582,4.0
7.175,50.565,7.134,5.978
5.731,61.991,1.876,5.819
8.313,60.784,5.781,3.142
5.992,62.638,1.212,5.978
9.423,66.56,1.002,6.421
6.126,62.314,0.744,5.424
8.667,62.118,5.001,4.871
4.592,62.137,3.347,6.826
9.512,66.119,0.431,5.382
6.399,59.47,6.067,4.264
8.643,66.384,1.089,7.587
8.738,64.234,0.536,5.566
6.18,49.209,4.865,5.918
7.755,50.952,6.584,4.125
8.517,50.4,6.762,3.195
5.384,63.914,3.286,6.366
9.868,65.823,-2.3,8.122
8.983,66.033,0.168,6.25
5.811,51.075,4.637,2.895
7.552,49.493,3.196,5.106
8.827,64.737,-0.866,5.515
8.185,60.49,6.627,5.292
5.674,63.95,1.939,6.957
7.415,51.528,4.98,3.96
4.556,63.92,3.706,5.646
4.606,62.842,0.935,5.88
7.526,64.741,4.681,5.098
8.79,66.605,0.153,5.929
7.195,49.662,4.179,2.854
6.69,50.379,2.218,4.244
8.23,60.594,7.202,2.919
6.811,63.315,4.655,3.73
6.089,50.194,4.139,4.917
8.175,50.327,3.518,5.215
8.082,61.721,6.047,3.865
5.905,62.238,2.4,6.283
9.989,65.266,2.073,6.413
5.941,60.113,6.7,2.787
5.911,62.779,2.546,4.041
5.026,63.018,2.4,6.853
7.589,59.812,5.445,4.745
7.471,60.56,5.86,4.996
4.934,60.799,2.876,3.419
7.218,61.372,4.587,4.759
5.367,63.125,2.935,6.419
7.196,62.35,4.271,6.199
7.532,60.023,6.027,4.946
7.142,64.038,4.171,5.401
9.149,50.576,2.705,4.512
4.76,63.409,2.964,6.042
10.39,47.538,5.479,3.811
7.113,61.82,5.378,3.039
7.812,51.094,4.807,5.145
9.523,65.963,-2.443,8.899
8.264,65.343,-1.025,5.975
10.375,64.693,1.852,7.537
5.265,64.146,4.918,2.655
9.386,64.472,2.533,5.926
6.873,61.627,6.214,4.662
5.436,49.198,4.637,2.895
7.713,52.41,4.812,4.507
6.369,63.83,4.088,5.308
8.134,61.463,5.877,5.7
7.719,62.777,7.272,3.96
5.699,61.703,3.549,5.527
8.472,50.725,5.052,3.489
7.797,62.232,6.102,0.946
8.702,63.607,4.333,4.426
8.992,62.815,5.879,3.766
8.626,61.244,6.291,4.096
7.765,62.348,4.054,6.619
8.898,50.73,6.06,5.12
8.544,65.311,-0.143,6.647
6.626,62.648,5.977,4.747
9.091,52.169,5.855,3.455
8.149,61.893,5.738,4.804
7.86,63.164,7.401,6.035
6.283,62.722,1.591,4.978
7.989,49.042,4.661,2.423
9.411,62.424,5.877,4.455
7.201,62.548,3.975,4.72
6.251,60.536,6.12,4.823
7.758,65.701,5.385,6.319
9.398,65.339,0.13,7.663
4.159,65.055,3.689,6.562
6.945,61.05,5.345,3.945
8.414,61.298,5.564,3.426
4.405,64.502,2.49,5.97
9.252,65.484,1.828,5.7
6.775,60.759,5.512,5.137
6.057,63.93,2.135,7.052
8.782,50.633,4.693,2.637
6.545,60.044,4.02,2.595
8.079,51.625,5.061,5.53
8.551,49.514,4.531,3.551
4.731,61.292,5.471,4.294
8.975,60.16,5.0,4.156
7.44,61.337,3.416,6.701
5.806,64.025,2.205,5.807
7.108,49.305,5.682,4.262
6.758,65.289,5.042,6.842
6.29,61.477,3.489,7.626
8.342,62.557,3.564,4.524
5.959,62.184,4.717,5.937
9.153,49.98,4.578,5.311
7.626,61.38,5.978,5.667
5.702,64.869,2.942,5.559
7.38,50.858,4.812,4.312
7.028,60.892,4.961,4.624
5.346,61.614,1.997,5.217
7.196,60.732,6.289,5.581
7.202,60.342,5.971,4.265
7.802,61.728,5.502,3.655
8.574,67.259,1.026,6.282
7.159,60.845,6.345,4.117
6.249,62.934,4.254,6.236
7.142,60.964,6.799,3.829
5.7,63.144,2.581,7.113
7.731,62.723,5.146,3.829
6.982,61.233,5.571,4.587
6.083,61.01,2.171,6.365
4.332,63.39,3.1,6.5
4.275,63.613,2.064,5.211
9.489,66.782,-0.13,7.402
5.193,64.31,0.468,5.589
5.539,62.667,3.717,6.156
7.624,67.171,0.741,4.854
6.383,63.803,1.595,4.946
8.707,65.775,1.183,4.486
8.382,65.815,1.637,6.918
5.812,63.169,5.644,5.664
3.926,63.074,1.761,6.767
7.49,60.479,6.262,4.951
6.525,49.274,5.253,5.034
7.574,60.244,6.502,4.053
9.784,66.565,-0.75,6.37
8.826,48.108,4.337,1.932
10.242,66.589,-0.134,9.156
7.062,51.192,5.193,5.03
8.522,67.527,0.719,6.542
8.889,59.931,5.655,3.696
7.637,65.444,5.307,5.37
4.646,63.719,2.494,6.96
10.337,65.952,1.344,6.31
6.32,48.824,5.502,2.641
10.325,66.398,-0.176,6.507
9.85,66.682,0.845,7.186
7.887,64.145,0.79,5.607
8.586,64.356,-0.235,7.973
6.265,64.101,2.908,6.584
9.371,66.622,2.424,7.059
5.003,62.043,2.597,5.26
9.307,65.438,1.188,6.446
6.999,48.47,5.039,2.806
5.614,62.037,2.134,5.786
6.825,52.004,4.448,3.57
7.322,47.782,5.386,3.708
5.435,65.304,1.972,4.465
6.309,63.419,2.285,4.669
8.713,47.519,6.03,4.677
6.981,62.79,1.872,4.814
5.899,62.425,3.411,4.547
8.693,65.16,1.974,6.848
6.894,61.408,7.546,3.601
8.661,59.931,5.05,6.537
6.878,65.231,5.506,4.977
5.194,63.957,4.681,5.2
7.655,51.07,6.255,5.282
7.175,66.343,-0.404,5.728
8.271,61.304,2.749,3.306
7.617,50.14,5.361,5.025
6.143,61.945,6.343,2.676
7.245,61.301,6.283,3.949
6.819,49.385,4.064,5.517
8.125,64.182,1.055,6.546
7.906,50.238,4.708,5.693
6.105,48.774,5.14,4.633
5.279,63.186,2.004,5.917
8.164,61.97,2.572,4.944
5.893,63.126,1.692,4.496
5.808,64.193,5.277,5.316
10.611,66.397,0.738,6.825
5.594,64.681,1.688,5.953
5.649,62.76,1.586,5.455
9.661,65.677,0.53,6.692
7.823,59.92,6.012,3.93
8.583,61.615,5.441,5.093
9.533,64.508,0.427,5.986
7.652,60.377,6.021,4.502
5.912,62.13,6.144,5.009
7.26,50.029,4.131,3.139
8.58,66.695,0.89,5.196
7.872,65.016,1.143,6.153
7.364,65.089,5.079,5.327
7.676,50.016,4.654,4.521
7.278,49.187,5.877,4.011
8.82,65.313,-1.05,6.652
4.706,62.704,1.53,3.938
8.112,49.317,5.457,2.664
7.27,63.697,6.531,4.091
4.113,50.302,3.419,5.776
6.973,49.457,5.503,5.323
5.993,62.784,3.21,6.25
6.204,61.77,3.347,4.356
9.32,65.247,-1.6,4.723
8.049,50.153,5.006,4.575
5.852,51.874,3.629,4.579
6.256,62.579,2.253,6.069
8.835,60.013,5.272,4.537
8.526,65.623,2.313,6.957
7.544,50.788,5.945,4.536
7.759,50.054,3.522,4.169
7.101,48.919,3.346,5.714
8.192,63.249,5.283,5.963
5.846,63.43,3.36,5.77
9.182,66.141,0.12,5.057
6.641,59.059,7.863,4.045
7.34,59.545,5.545,5.46
5.603,50.45,3.743,3.874
9.222,66.189,1.653,5.973
7.007,59.446,6.39,5.224
6.415,48.364,5.99,4.289
6.076,60.876,0.982,5.168
5.919,61.401,6.399,4.023
7.159,58.999,5.883,3.859
7.753,58.663,5.344,4.25
7.137,61.271,5.471,2.281
7.529,62.3,2.536,6.253
5.106,62.818,2.956,3.231
9.613,66.722,-1.499,6.6
8.875,49.806,5.411,3.386
6.901,66.942,-1.264,6.798
5.985,64.365,1.45,6.26
4.255,61.503,2.62,5.718
6.916,62.989,1.598,5.443
7.808,62.75,4.235,5.968
7.298,48.321,6.438,5.045
6.177,64.23,2.965,5.821
7.939,50.828,3.964,3.358
6.093,63.623,1.086,5.544
7.373,62.033,5.908,4.958
8.852,61.368,4.389,3.959
8.857,64.526,6.742,5.847
8.057,51.09,2.643,4.123
11.104,66.964,1.504,5.657
5.155,62.89,2.155,6.121
8.219,65.508,-0.963,7.696
6.79,62.424,2.593,3.907
7.425,61.911,6.894,6.534
8.3,62.134,3.748,5.703
7.931,64.22,3.006,6.309
9.664,65.484,-0.543,6.003
7.191,62.701,0.969,5.072
6.731,65.104,3.436,6.241
7.618,60.808,6.245,4.396
8.891,60.72,5.547,5.823
7.941,60.747,5.166,6.181
5.864,62.52,2.801,4.491
6.807,60.583,5.452,3.406
8.764,63.56,4.922,4.65
6.396,60.031,5.667,3.792
7.144,49.755,5.164,2.752
8.077,50.247,7.151,4.6
5.287,61.936,1.122,6.654
6.27,65.138,1.318,5.829
6.738,63.993,3.144,6.564
6.05,63.637,4.612,6.133
9.818,48.791,3.45,5.254
6.787,64.107,3.855,5.661
7.651,64.602,4.144,5.581
10.075,65.457,0.375,6.703
7.679,49.68,6.629,4.853
7.871,65.494,5.609,3.711
9.216,63.706,-1.239,5.757
5.742,63.835,3.434,3.772
6.632,51.194,6.187,5.995
6.776,64.748,5.314,5.45
6.979,49.888,5.838,3.73
8.908,64.462,-0.222,5.382
7.159,48.469,4.827,4.648
8.298,65.42,0.998,6.048
8.428,65.293,0.858,6.441
5.509,59.949,5.232,4.118
8.412,49.535,2.925,4.983
6.422,50.94,4.612,4.553
7.917,64.208,0.922,5.976
7.562,60.356,5.598,3.347
7.908,63.514,0.971,6.484
6.174,64.002,4.938,6.546
7.111,62.94,6.956,4.571
7.665,48.797,3.048,5.546
8.245,66.181,0.415,5.757
5.699,64.283,2.119,5.831
6.37,47.583,5.412,3.591
4.888,61.261,2.861,5.108
6.21,65.373,3.368,4.078
8.79,64.661,0.585,6.741
4.847,63.014,2.452,4.724
5.384,61.231,1.557,5.421
9.032,64.87,1.094,5.667
4.746,61.386,1.508,3.734
5.749,60.699,5.258,5.605
5.112,63.853,1.916,7.722
4.922,61.524,2.281,4.702
6.175,65.547,-1.567,5.908
8.136,66.148,0.759,6.044
4.839,63.344,3.321,4.746
9.015,66.582,0.773,6.456
7.959,66.949,0.655,6.727
9.677,49.111,4.829,4.874
8.429,62.955,2.441,2.687
4.626,62.043,1.74,5.77
8.595,66.694,0.183,7.07
6.563,53.387,5.034,5.737
3.631,63.93,1.46,5.023
9.901,64.992,-0.022,4.486
6.278,60.378,5.492,4.709
4.071,62.665,0.131,3.478
11.409,65.698,0.153,8.549
6.259,62.922,2.964,6.324
9.072,50.969,7.299,1.691
6.435,61.048,5.402,3.203
7.072,62.188,6.943,1.812
9.998,66.89,1.07,7.284
8.915,65.585,1.493,7.12
6.612,49.504,4.926,4.859
7.338,50.529,4.572,5.904
9.181,65.152,-0.719,6.209
9.266,65.49,0.691,4.724
8.509,64.615,0.102,6.258
6.497,60.158,1.126,7.934
6.882,62.321,2.288,3.722
9.085,64.658,0.385,4.962
7.526,50.524,4.835,4.733
10.129,63.701,4.97,4.788
8.968,66.578,-0.269,7.589
6.485,63.18,2.013,4.813
8.007,64.701,2.231,6.272
8.014,49.947,5.792,3.718
8.308,50.34,5.225,5.428
6.436,48.832,3.799,3.204
7.068,51.746,5.049,5.014
10.158,67.281,0.548,5.997
7.306,61.993,4.181,4.051
5.323,61.779,2.899,5.817
7.557,61.346,5.173,3.955
9.414,66.968,0.964,5.949
8.174,65.952,-0.453,6.844
9.371,62.025,5.385,3.997
7.109,63.13,6.539,5.502
7.415,63.77,1.94,5.888
8.823,61.401,6.817,3.025
6.546,62.071,3.723,5.627
9.879,67.036,-0.12,7.496
9.952,66.067,-1.61,5.723
8.142,50.284,4.536,4.481
8.791,65.053,1.026,6.93
6.404,50.735,4.768,6.706
7.917,62.841,3.719,3.464
7.121,64.721,4.865,5.207
8.618,48.218,5.964,3.556
7.944,66.293,-0.471,5.499
6.708,60.529,6.436,4.117
6.365,50.907,4.677,4.767
7.657,67.531,0.58,5.023
6.367,60.971,8.185,4.565
8.612,65.252,-0.47,3.794
8.712,64.634,4.04,5.821
5.437,60.835,0.927,6.565
8.217,61.551,3.397,4.925
8.301,49.677,6.101,4.749
7.841,59.025,4.751,3.376
6.097,63.449,5.317,5.699
7.749,59.933,6.33,3.815
8.997,67.242,0.372,5.426
5.616,65.108,3.463,5.959
6.683,63.856,1.285,5.106
7.004,51.298,6.391,5.183
7.13,51.481,3.215,4.64
6.588,63.931,3.053,6.308
6.639,48.73,3.873,5.674
4.232,61.884,3.866,5.705
8.459,65.1,-0.103,3.89
8.571,60.813,6.375,4.922
5.403,62.545,1.667,5.549
8.59,60.496,5.419,4.723
9.738,63.562,4.508,6.75
7.861,60.789,4.103,3.765
4.187,62.227,2.882,5.347
8.443,50.791,5.582,6.391
7.436,61.692,5.813,5.16
5.642,63.027,1.532,5.23
7.546,62.909,5.521,5.981
7.564,51.271,4.85,5.067
7.848,60.674,4.743,4.109
5.156,64.562,2.037,5.149
10.048,66.611,1.227,5.931
3.811,63.089,3.054,4.208
9.712,65.34,-0.0,7.842
8.466,50.34,5.275,4.465
4.672,62.422,1.674,6.291
8.606,62.887,1.171,5.437
7.727,61.984,5.528,5.682
7.087,66.021,1.563,5.779
7.957,65.194,1.863,4.208
6.856,63.994,1.616,6.74
3.862,61.695,1.352,5.062
7.922,49.931,7.763,3.76
9.266,67.174,-1.396,5.727
6.21,66.181,-0.431,4.958
6.216,63.551,1.746,4.268
5.481,63.61,4.487,4.379
8.171,49.208,4.81,4.424
8.048,61.297,4.139,5.738
9.925,67.298,0.209,8.017
10.02,64.92,0.004,6.838
8.835,67.808,1.0,6.46
11.381,65.517,2.465,5.183
6.524,62.495,1.685,4.224
8.156,49.564,4.802,2.85
6.232,49.206,4.595,5.34
6.905,63.459,4.851,4.836
5.2,61.019,1.465,5.989
7.484,50.933,5.192,3.743
5.836,62.274,2.174,4.264
9.743,65.19,0.262,5.958
7.249,63.532,2.677,5.347
9.365,64.574,0.602,6.15
6.244,61.092,5.883,4.813
7.477,62.96,2.873,4.842
9.281,65.668,0.446,5.706
5.918,50.962,6.104,3.663
10.618,64.92,-0.552,5.3
7.144,64.116,3.936,4.371
7.589,49.876,5.024,5.453
7.13,63.024,2.95,6.275
7.943,62.032,4.635,3.723
10.015,65.455,1.55,6.248
8.096,50.031,4.451,3.427
5.515,62.378,3.155,6.713
10.069,66.843,0.411,6.881
4.93,63.979,2.268,5.808
3.494,62.754,3.509,6.549
7.81,60.627,5.355,4.459
5.264,63.149,0.874,6.087
7.881,61.388,6.131,4.585
8.52,52.16,5.006,4.816
8.472,62.125,4.281,4.322
6.384,63.695,1.424,5.702
9.144,59.786,5.715,3.783
6.845,51.29,4.836,4.761
7.206,61.676,6.724,4.866
6.086,63.904,5.909,4.557
7.361,50.417,4.11,5.058
6.574,63.887,2.173,6.635
8.115,50.24,5.674,4.699
6.368,48.698,4.882,5.139
6.308,61.638,4.812,3.72
7.331,61.621,4.452,6.378
5.617,63.042,3.042,5.357
8.77,63.965,7.979,6.53
7.172,49.686,4.793,5.377
8.35,66.555,0.849,6.304
7.455,50.99,3.418,3.861
9.652,67.574,-1.929,5.931
8.449,65.09,-1.249,5.362
8.166,50.066,3.541,4.725
5.32,62.669,1.975,6.177
8.14,59.322,8.217,5.312
8.578,50.753,5.431,5.299
6.962,50.727,5.694,5.318
9.019,65.975,-1.169,6.266
9.925,66.416,0.156,5.856
6.67,61.554,5.912,5.724
8.679,48.005,4.543,3.939
6.876,62.047,4.567,4.191
8.519,66.831,1.119,6.751
7.791,63.858,4.114,6.843
5.397,50.114,5.144,5.016
4.243,63.162,1.62,5.043
8.165,50.698,5.403,4.752
7.306,59.409,6.149,3.263
8.729,66.883,2.227,5.361
5.711,63.482,1.981,4.194
8.318,50.555,3.754,5.503
10.713,63.871,-0.412,6.598
7.717,50.255,5.208,5.09
6.61,62.934,2.213,6.918
8.314,64.239,3.934,6.053
4.564,60.359,2.122,7.342
6.287,63.394,4.408,3.734
6.182,62.798,1.176,5.467
7.115,61.534,5.524,4.064
8.131,50.091,5.672,3.584
7.642,64.816,5.72,6.373
7.024,65.752,0.135,5.131
6.862,66.157,0.042,6.567
6.529,62.786,3.414,5.286
9.259,64.746,-0.102,6.649
9.739,64.487,1.627,5.836
5.724,63.135,4.628,5.63
8.236,61.564,4.936,4.177
6.67,63.755,1.982,5.627
6.344,63.061,1.929,6.779
8.389,61.23,6.626,3.688
6.664,48.052,6.618,5.337
8.151,59.909,6.181,4.505
8.758,61.454,4.974,3.024
7.213,49.675,5.075,3.249
6.689,50.507,5.958,4.546
7.215,61.761,2.495,7.183
8.391,62.634,4.612,6.015
9.38,65.837,4.894,4.911
9.357,66.118,1.06,6.6
7.036,62.225,6.189,3.738
5.953,63.143,3.798,6.182
6.275,62.741,5.257,6.976
6.117,61.692,5.872,4.235
10.003,65.963,0.378,5.643
6.712,61.243,5.589,5.493
10.214,65.536,2.133,6.787
6.585,62.6,3.755,6.584
8.673,61.508,6.913,4.443
7.245,62.798,0.525,4.183
8.074,65.183,-0.128,5.928
7.297,63.194,5.059,5.772
7.467,50.265,3.884,4.766
6.424,61.787,5.161,3.192
6.789,63.724,5.594,6.903
6.541,60.621,6.066,5.135
5.92,63.558,2.975,7.676
7.465,49.466,4.899,5.427
10.412,66.408,1.34,7.055
4.432,62.375,2.146,6.976
8.098,50.483,5.194,7.028
6.376,62.634,4.503,5.905
5.344,61.687,1.061,6.107
8.287,60.266,4.549,2.799
4.368,62.661,3.672,5.763
8.582,65.917,1.453,6.578
4.45,62.988,2.403,4.937
8.602,49.875,4.155,4.945
4.655,62.112,1.729,6.427
9.84,65.328,0.572,5.253
5.944,50.334,5.337,2.992
8.134,60.383,4.788,4.941
6.831,61.876,6.549,2.52
7.117,63.343,1.809,6.48
7.272,51.887,2.333,4.112
9.268,49.823,6.147,4.704
10.588,66.827,-0.083,7.89
7.053,63.378,0.38,5.296
6.724,49.078,3.094,4.726
7.947,61.114,5.943,3.907
8.634,50.007,7.016,4.895
6.076,62.219,4.149,4.014
8.382,63.883,4.592,6.586
7.072,63.023,6.715,5.324
6.54,49.589,4.945,5.701
7.969,60.952,4.844,4.566
6.818,49.474,2.735,3.479
7.926,50.336,5.555,5.27
9.126,65.51,1.718,6.597
7.706,61.497,5.595,5.428
7.6,62.699,5.579,7.132
9.448,66.451,0.607,5.961
7.249,66.479,0.97,7.813
4.458,62.316,2.127,5.779
6.278,47.457,4.788,3.488
6.049,62.544,2.422,6.486
7.715,49.651,5.465,5.237
4.953,62.571,4.681,6.14
9.445,66.407,-0.616,5.998
4.653,62.178,3.537,5.747
5.794,62.706,1.979,5.785
7.961,59.669,5.076,4.998
7.657,65.026,1.113,4.635
5.664,62.306,1.514,7.585
6.086,62.29,0.845,6.253
7.325,61.677,5.981,5.668
8.036,50.479,4.037,5.296
4.147,61.441,2.988,6.602
6.54,50.355,4.845,4.823
4.275,61.973,2.376,5.546
5.362,63.559,4.807,7.493
9.498,67.29,0.479,4.362
6.832,60.967,6.664,4.116
5.987,63.257,2.147,6.017
8.27,67.025,0.933,6.379
10.861,67.874,-0.336,7.718
9.348,66.163,0.653,5.994
6.519,50.927,6.699,7.955
7.099,64.41,4.163,5.076
9.729,68.76,0.988,4.609
6.918,62.122,6.582,4.48
6.028,60.342,8.453,3.499
8.868,61.974,6.143,4.893
7.427,60.521,6.508,4.933
8.14,51.714,4.02,2.979
8.447,66.69,-0.33,4.787
5.684,64.685,1.292,4.445
9.614,61.467,5.804,3.709
6.035,62.596,2.244,7.352
8.497,65.867,0.614,6.427
6.241,61.853,1.777,6.227
5.918,63.776,1.575,4.512
6.987,49.649,5.398,6.416
6.95,64.529,4.784,5.503
7.31,60.547,4.97,4.387
6.393,62.77,4.492,6.434
8.336,61.847,5.178,3.269
6.398,62.784,1.341,5.449
7.158,50.98,5.02,3.877
6.355,63.404,1.808,6.335
7.266,61.928,4.064,4.985
9.506,66.723,-0.55,6.048
8.974,50.424,3.636,5.945
7.747,60.427,6.28,4.897
6.292,64.658,0.803,6.812
7.555,50.802,5.16,6.317
9.038,65.924,0.703,6.292
5.126,61.857,1.988,6.735
5.528,62.158,5.739,4.634
5.896,62.959,2.48,6.822
7.151,47.823,6.564,4.729
4.265,62.962,1.756,6.528
9.118,51.046,4.093,3.389
6.562,63.397,4.435,5.807
4.672,61.005,2.029,6.117
8.233,49.997,4.263,3.682
5.061,61.728,3.127,6.578
5.679,61.759,2.299,5.301
6.279,61.668,4.386,4.108
6.631,61.311,8.053,3.742
6.486,61.302,3.634,5.202
7.625,50.358,5.805,4.903
8.129,49.262,6.061,6.057
10.9,66.732,-0.352,5.626
7.11,60.185,3.208,4.292
5.783,49.737,3.483,6.033
7.292,49.677,4.784,7.667
7.488,50.452,5.199,5.714
6.08,50.882,5.491,4.879
9.075,64.947,7.812,4.525
7.67,49.409,6.823,4.012
7.506,49.739,5.804,5.731
4.583,63.408,1.874,5.84
8.374,65.671,-0.993,6.896
7.069,61.845,5.304,4.14
6.483,62.438,2.379,5.047
8.171,51.354,5.029,1.769
9.384,65.345,0.802,6.152
8.544,61.756,5.082,2.865
6.78,61.642,5.393,5.114
5.603,64.082,1.738,3.772
6.653,47.984,4.794,3.08
7.337,66.675,0.088,6.937
9.944,66.283,0.667,6.357
9.13,61.826,5.213,5.502
9.073,50.518,6.299,3.491
7.359,49.822,5.857,5.101
10.281,64.186,3.827,7.137
7.645,60.873,5.451,3.962
6.582,60.938,7.152,5.718
5.521,60.964,3.641,4.12
6.475,62.966,1.12,6.287
7.216,61.089,5.107,4.907
10.558,66.527,0.669,5.24
5.538,64.005,1.523,5.833
6.274,67.978,0.439,5.413
7.986,62.981,5.936,6.648
6.553,64.221,0.556,2.683
8.296,62.172,5.031,4.328
8.999,65.56,-0.662,5.011
6.939,64.0,1.4,5.62
8.531,48.429,4.258,4.016
7.918,61.095,5.348,4.499
7.573,49.164,4.113,4.086
8.217,49.011,3.533,6.121
6.549,64.533,0.522,6.541
5.511,61.707,2.545,4.741
9.682,61.0,5.382,4.374
8.51,64.205,1.045,5.6
7.442,48.507,4.107,4.775
5.63,61.412,3.177,4.69
7.584,61.472,6.68,5.187
8.224,65.008,5.965,6.962
6.614,62.555,5.534,3.813
9.149,49.191,5.013,4.874
6.712,48.873,5.132,4.47
7.42,61.949,5.38,4.417
5.998,61.279,2.51,7.972
8.095,60.866,4.439,5.122
9.431,65.887,1.423,7.079
9.866,66.585,-1.18,4.804
8.887,65.148,0.028,7.314
10.977,66.07,-0.427,7.282
6.135,63.493,4.347,4.848
9.585,65.197,-0.945,4.196
6.998,49.472,6.148,3.837
7.653,58.596,5.831,3.968
6.913,64.146,6.375,5.32
5.727,62.902,1.604,4.201
8.754,60.371,6.579,3.501
7.074,63.178,0.961,4.456
11.947,66.502,-1.05,7.707
7.132,63.713,4.866,6.639
7.044,60.897,7.57,4.1
8.333,49.892,5.014,4.475
4.761,61.406,1.912,6.866
6.784,60.442,6.579,1.6
7.418,61.578,6.134,5.728
8.365,50.331,5.487,2.315
8.147,50.052,5.087,1.976
8.649,60.329,6.296,4.001
6.703,50.432,4.612,3.654
6.481,61.751,6.917,6.34
6.702,64.347,0.314,5.481
4.974,62.182,1.15,6.118
7.182,62.485,3.195,5.182
8.809,59.751,6.278,4.843
8.18,61.834,5.576,6.441
7.424,50.881,5.59,5.262
7.098,61.599,5.114,5.93
8.788,51.465,5.944,4.553
6.723,60.181,5.393,5.159
7.316,64.309,5.996,7.099
7.049,63.497,3.254,5.487
8.561,64.593,3.687,4.369
6.641,61.565,5.98,5.492
7.116,50.376,5.077,5.001
7.242,63.616,5.43,5.002
8.348,66.873,-1.427,7.24
7.152,62.864,3.912,4.643
4.81,63.353,1.719,7.186
8.629,60.385,7.698,5.019
6.556,64.632,0.845,3.328
8.167,61.743,6.612,3.738
7.048,51.781,4.608,4.319
5.871,61.762,3.367,5.255
8.943,61.143,6.083,4.764
5.448,65.154,2.388,5.503
8.621,66.941,0.742,7.229
8.325,62.601,7.138,3.637
4.883,64.45,1.348,6.925
8.943,48.647,5.154,3.712
4.763,64.098,1.88,4.11
9.188,66.554,0.534,6.446
5.668,61.977,1.899,7.266
8.217,63.926,0.035,7.262
4.15,63.336,3.568,6.869
9.833,50.9,5.732,4.937
10.531,67.268,0.307,7.84
5.596,63.518,2.633,5.314
8.571,66.993,1.281,6.8
7.278,60.894,5.137,5.433
10.702,67.146,1.67,3.552
7.952,62.349,4.842,5.816
9.819,64.008,2.712,5.56
7.122,61.57,1.313,4.42
6.51,62.071,6.354,4.357
8.112,64.715,-1.628,7.139
5.76,61.469,4.872,2.946
7.884,51.466,5.127,4.825
7.453,63.092,5.303,3.974
8.212,64.133,5.504,5.891
8.336,64.759,-0.679,6.643
5.459,61.676,1.677,4.737
6.225,61.03,5.356,3.816
7.033,60.135,7.707,4.941
10.082,66.101,0.202,7.232
10.754,64.94,-0.349,8.176
5.654,61.797,2.41,5.673
9.095,66.58,0.821,7.401
6.946,49.878,4.842,3.907
8.123,60.39,6.039,4.241
7.933,49.914,4.025,3.927
4.812,63.275,2.149,5.554
8.895,67.745,0.219,7.683
6.801,63.156,4.714,5.696
4.941,62.091,1.905,5.194
6.674,64.169,4.574,4.937
8.68,65.871,-0.15,6.231
9.215,66.192,1.576,6.117
7.719,61.287,3.929,5.013
8.962,67.816,0.319,7.075
7.318,50.657,4.317,5.311
9.033,65.82,0.544,7.602
7.435,49.071,5.14,4.387
8.033,61.98,4.603,5.149
3.995,61.184,2.803,4.711
9.274,65.71,-0.802,9.423
5.497,61.84,1.774,5.197
11.31,65.971,-0.947,7.017
7.561,61.383,3.959,5.119
5.358,61.661,1.181,4.872
5.001,63.617,0.781,6.159
8.843,63.402,5.864,5.984
7.061,66.645,1.838,7.006
7.903,61.081,6.094,4.469
5.703,62.429,2.342,4.347
8.853,49.503,5.117,4.59
8.022,50.327,4.017,4.549
6.835,62.87,3.128,4.849
5.822,62.124,2.024,4.93
7.35,51.033,6.622,5.518
7.961,50.749,5.026,2.396
7.608,64.255,-0.371,6.29
7.13,64.164,2.333,6.965
7.447,60.583,5.835,4.927
6.933,63.202,4.278,5.582
7.589,59.457,6.721,4.003
7.274,63.147,6.363,4.191
6.323,63.199,1.998,4.623
6.584,64.852,0.707,5.896
5.398,63.372,3.72,5.657
7.998,64.637,7.774,7.124
7.929,60.668,5.749,4.598
7.139,64.098,3.992,6.427
9.621,50.91,5.072,3.298
10.04,50.59,4.491,4.267
9.351,65.138,-1.042,9.008
6.987,63.825,3.989,6.099
6.513,63.166,3.106,6.282
4.718,65.738,2.423,4.866
6.473,61.467,7.374,5.321
5.826,50.712,6.133,4.314
7.016,66.549,3.458,6.009
8.158,61.361,8.199,5.742
4.965,63.709,1.976,6.285
8.482,68.752,0.316,5.548
5.369,64.73,2.538,4.624
9.697,66.725,0.179,6.354
8.735,59.668,6.764,6.416
7.594,61.318,6.003,3.775
4.724,61.551,0.471,6.192
6.834,64.109,2.544,4.73
9.79,63.756,-0.383,5.103
7.739,61.582,5.025,3.995
7.51,61.77,4.534,7.22
6.005,64.841,3.863,4.632
5.884,64.192,2.055,4.131
7.789,65.906,-0.278,5.965
8.004,64.306,6.093,7.441
5.466,63.2,0.975,5.049
5.902,61.786,1.494,6.66
7.547,62.51,5.347,3.922
6.611,50.141,5.895,3.811
10.717,65.267,0.237,8.213
7.833,66.287,-0.133,5.166
10.496,65.668,-0.437,7.042
4.583,61.667,0.573,6.09
7.447,50.209,5.015,2.744
8.783,66.843,-2.893,7.75
6.445,59.01,5.657,4.178
6.41,64.277,3.899,4.167
5.527,64.022,2.744,5.665
8.55,66.242,0.435,6.741
5.568,58.473,5.918,3.676
6.259,58.618,6.632,4.146
7.443,61.806,7.598,6.176
8.357,50.175,5.51,5.394
7.977,62.336,5.354,4.437
7.605,62.752,2.412,4.386
8.765,62.441,3.432,5.018
7.324,63.008,2.431,6.297
4.509,63.649,2.219,4.443
3.824,62.997,2.953,4.443
7.662,64.995,5.33,6.28
5.976,63.498,1.032,6.064
5.943,63.698,3.147,5.66
7.568,61.385,5.573,4.17
9.275,67.221,0.065,6.839
5.924,62.191,4.408,6.803
8.101,60.795,7.278,4.637
6.214,61.736,7.172,2.084
9.38,50.499,4.837,2.986
9.046,50.554,5.018,4.946
8.532,64.78,-1.514,5.979
7.41,50.694,5.826,4.874
8.555,59.911,6.569,4.823
7.291,62.961,6.921,4.552
6.576,61.634,4.249,3.205
5.442,62.981,1.075,6.62
7.157,48.89,4.398,2.567
7.826,64.114,4.159,6.122
5.73,61.274,6.784,4.645
9.252,65.125,-1.089,5.31
9.767,65.606,1.93,5.994
6.601,49.146,6.059,5.924
5.799,64.169,2.605,4.457
9.154,61.375,7.167,3.393
8.411,63.19,6.344,4.685
5.473,63.022,2.385,5.38
7.514,63.249,6.286,5.464
8.279,50.743,5.104,4.587
6.361,63.662,0.441,4.826
8.228,65.422,-1.799,5.602
7.563,63.918,4.882,6.34
7.003,62.148,4.887,7.478
5.722,62.437,3.224,5.305
6.576,62.14,4.827,3.867
5.619,50.968,5.179,4.81
7.959,49.794,4.643,5.603
6.525,49.835,3.59,2.673
7.209,59.541,7.326,5.378
7.15,49.156,3.538,4.341
8.012,50.011,4.194,5.417
7.842,60.437,6.636,4.153
6.168,62.65,3.403,4.764
8.916,64.102,4.436,7.551
7.253,60.448,5.655,4.887
8.364,49.864,4.796,3.78
4.339,62.75,3.213,6.67
8.961,66.989,1.198,5.58
6.326,49.545,3.964,3.17
8.438,65.971,0.323,5.509
5.254,63.293,1.975,4.468
6.499,61.35,7.378,4.198
9.219,47.38,5.116,3.16
9.122,63.822,3.203,6.349
9.295,62.168,3.46,5.697
7.33,52.835,4.421,3.785
7.138,61.978,6.871,4.118
4.819,63.979,1.378,5.944
5.14,48.447,5.042,3.421
7.525,61.126,6.792,3.355
8.309,48.958,5.141,1.895
8.274,62.427,4.721,3.716
8.172,60.63,5.421,3.934
7.907,65.514,-0.401,7.604
8.081,61.03,2.799,5.536
9.061,67.224,-1.738,6.192
9.084,66.172,1.46,6.178
5.308,63.023,1.306,7.251
9.339,64.764,-0.087,6.742
7.323,60.137,4.563,4.182
8.769,63.018,4.494,6.665
6.643,61.585,4.703,3.987
4.23,62.967,3.369,6.108
5.742,63.604,0.751,5.534
6.452,49.259,4.645,3.475
5.338,65.084,4.592,4.967
7.213,62.6,5.874,7.646
5.134,63.757,2.248,3.42
6.448,62.471,6.981,4.007
8.192,65.584,0.615,6.692
4.641,61.017,2.627,4.61
9.78,65.054,1.431,5.195
8.644,63.277,5.169,3.885
8.458,62.51,5.256,3.582
9.479,49.036,3.733,5.68
7.288,59.573,4.429,4.527
6.729,60.022,6.358,5.938
4.027,62.076,1.778,5.759
7.939,62.701,4.765,6.33
9.58,65.91,0.24,6.135
8.747,66.292,0.082,5.32
7.237,49.743,5.35,6.394
7.172,61.73,6.591,4.465
5.932,63.343,1.805,5.175
7.789,64.287,4.881,5.912
9.976,65.989,-1.376,6.673
5.628,64.609,0.071,6.018
6.458,61.618,2.834,5.061
9.277,64.862,-0.61,4.886
8.905,63.986,0.895,6.362
10.245,65.675,0.049,5.943
4.839,61.791,2.106,6.52
8.097,60.338,6.184,5.861
10.168,67.787,-0.779,5.591
7.262,62.939,3.405,7.042
7.806,50.431,2.946,3.309
8.246,66.371,1.222,6.659
8.412,66.068,-1.113,5.477
9.836,65.793,0.791,3.492
4.618,63.423,3.031,6.559
7.089,63.263,2.663,6.268
8.395,66.352,-1.238,5.298
7.948,48.721,8.072,4.344
7.925,62.855,4.407,4.25
7.587,50.877,6.435,3.097
7.829,63.5,4.38,5.309
10.401,65.948,0.66,6.563
8.447,63.961,0.137,6.516
8.914,64.381,4.512,5.594
7.179,50.525,4.546,5.052
11.768,65.629,-0.983,6.366
7.263,65.273,0.784,5.465
10.162,65.184,-0.728,6.961
5.419,50.503,4.075,4.489
7.109,62.739,5.541,6.527
9.737,65.487,1.997,5.207
6.839,61.29,6.061,4.956
7.177,62.062,6.293,3.445
7.609,63.209,3.937,4.943
6.445,49.334,4.593,3.587
8.385,61.469,6.528,6.049
6.399,61.132,4.972,4.18
7.437,60.001,5.633,4.084
6.8,63.232,4.807,5.455
9.736,65.824,-0.793,7.213
8.214,51.686,3.52,5.106
5.579,63.089,1.977,7.365
3.763,63.312,1.865,6.176
5.721,63.922,3.876,5.791
10.67,65.983,-0.121,7.673
5.281,62.207,1.895,6.45
9.026,65.394,-0.344,6.593
6.488,63.066,2.735,6.192
10.382,65.932,0.981,5.977
5.59,62.195,2.902,7.65
7.992,61.211,5.604,3.624
5.474,63.214,2.596,2.991
6.391,61.569,4.843,4.833
9.802,65.209,-0.497,5.65
4.438,62.297,1.983,5.79
6.335,61.057,0.688,5.06
6.627,63.774,0.835,5.879
7.808,65.556,0.968,7.711
6.745,49.661,4.369,5.884
7.977,63.835,0.536,7.394
6.513,61.716,1.994,5.453
9.049,66.735,0.881,4.413
5.925,63.712,3.199,6.432
9.158,61.981,6.13,4.196
7.015,62.948,1.533,5.642
4.27,63.078,2.439,6.038
6.199,61.255,5.707,4.335
5.521,62.741,2.19,5.786
8.796,50.154,3.876,4.143
7.608,49.378,3.736,5.386
7.504,61.512,5.706,4.465
7.434,50.444,3.259,4.689
8.818,65.746,0.671,7.308
8.072,61.773,5.239,4.702
9.541,67.293,1.319,6.089
6.226,62.544,2.548,6.341
9.198,67.249,-1.512,5.35
9.678,66.09,1.874,6.079
9.066,66.906,1.21,6.781
5.478,61.329,3.14,5.417
8.523,59.181,5.956,4.601
7.307,47.515,4.348,4.059
8.941,67.637,-0.371,3.554
8.978,61.977,4.151,5.635
6.934,60.324,4.864,4.25
6.571,49.999,3.317,5.179
8.622,59.613,4.949,4.039
9.156,49.117,4.416,5.997
8.169,61.565,5.054,3.995
5.545,63.966,1.634,3.665
3.825,61.664,2.058,4.72
5.599,50.751,7.158,3.805
5.015,65.183,0.193,4.789
8.465,51.984,4.237,3.204
5.604,64.233,2.687,5.723
6.826,61.728,3.417,6.472
5.196,62.733,3.284,6.519
7.813,60.42,3.494,5.766
8.654,61.26,6.113,3.435
8.309,65.974,0.137,6.896
8.299,63.829,7.452,2.844
8.215,63.213,3.864,3.59
9.676,65.981,0.78,6.427
6.656,62.304,2.92,7.601
8.391,66.532,0.371,5.036
8.143,49.188,5.491,3.516
4.744,62.678,2.871,4.627
8.182,49.438,5.623,4.733
3.792,63.014,1.418,5.337
8.786,50.844,6.186,5.015
5.385,62.272,1.438,4.254
8.83,50.115,6.198,4.153
8.977,60.499,6.208,3.958
8.562,66.72,-1.179,7.152
8.117,61.909,3.203,6.147
6.242,47.945,5.846,5.52
4.919,61.527,1.748,5.753
8.304,48.966,5.438,4.971
10.104,66.346,0.427,5.399
6.217,50.666,5.743,6.01
6.72,63.542,0.35,4.763
5.603,60.841,6.356,4.794
7.915,49.682,5.481,4.341
8.398,49.191,3.745,3.151
5.844,62.719,0.965,5.269
4.34,62.273,2.879,5.271
11.128,66.455,-0.018,4.642
8.134,50.038,4.584,5.114
11.069,65.706,0.862,5.731
9.152,65.473,0.233,8.044
8.215,49.849,4.763,3.944
6.88,61.595,3.69,5.136
8.192,61.739,3.334,6.039
7.614,66.711,-0.292,6.534
5.698,62.596,4.036,5.636
8.654,65.67,1.442,5.104
6.529,63.272,3.951,5.897
5.229,62.456,2.501,4.317
7.873,50.355,3.337,3.816
4.431,61.472,1.564,3.476
7.334,67.059,0.252,6.57
6.75,49.022,5.054,5.265
8.611,52.568,3.758,4.715
6.554,64.322,4.176,5.652
8.337,67.058,-0.239,5.996
5.377,62.019,2.178,6.172
9.194,66.862,0.215,6.753
7.829,50.853,5.476,4.148
7.501,50.277,4.487,4.859
7.886,49.192,3.969,5.53
7.854,63.937,4.761,7.604
8.184,47.892,3.864,5.262
8.034,66.37,-0.051,5.763
7.672,63.885,0.551,5.991
8.333,66.34,1.401,7.332
8.777,51.722,5.075,4.042
5.669,63.98,1.491,4.764
8.538,65.671,-1.112,6.638
6.038,60.226,6.895,4.143
8.606,66.777,0.177,7.099
7.221,51.054,5.69,4.442
5.74,62.48,1.747,6.938
9.539,66.736,0.611,4.887
5.695,49.836,5.329,3.998
8.634,49.647,4.814,4.914
8.36,51.891,4.723,4.726
9.095,65.107,-1.357,7.538
8.728,60.392,5.734,2.95
4.308,61.856,1.395,5.945
8.189,61.365,6.729,4.253
6.426,49.944,3.981,4.255
6.903,61.126,4.933,4.386
9.771,66.456,1.491,7.898
5.62,63.525,4.195,6.986
5.762,61.744,2.276,5.222
7.629,65.326,1.604,4.352
6.029,63.372,-0.149,5.183
8.662,65.518,0.87,6.241
6.375,61.521,2.007,4.58
6.128,63.07,2.34,4.905
7.609,60.09,5.38,5.642
7.375,48.076,5.908,5.081
5.726,62.187,3.08,5.98
8.093,50.12,5.388,3.97
8.4,51.659,4.965,4.883
5.642,51.918,5.538,4.099
6.553,62.327,3.268,6.224
6.347,62.075,5.265,4.431
6.811,52.949,5.119,3.279
4.915,62.925,1.718,5.967
7.569,51.233,6.04,2.858
10.525,65.792,0.765,5.718
8.659,60.153,4.935,4.556
5.006,64.483,1.075,5.389
7.144,59.783,6.203,4.615
8.636,60.394,4.746,5.791
8.889,67.19,-0.062,3.979
6.644,49.654,4.953,4.057
6.945,63.602,5.574,5.165
7.809,60.09,4.049,5.122
11.055,63.687,0.829,7.493
5.122,61.934,3.55,5.393
6.973,62.634,0.472,5.793
6.116,61.582,7.788,3.21
5.571,63.996,1.957,5.062
8.429,48.941,2.922,2.496
8.677,66.696,-0.304,6.766
7.645,59.36,6.635,4.744
8.054,65.801,2.597,4.659
6.655,50.346,6.245,7.477
8.672,64.556,0.72,7.994
8.572,61.307,4.021,4.119
4.355,62.629,3.707,5.344
6.412,62.971,6.572,4.773
8.715,66.024,-0.242,6.805
8.458,61.774,5.021,3.289
7.843,48.95,4.756,4.84
5.425,60.715,7.943,4.397
6.297,49.878,4.004,6.778
7.079,63.497,3.971,4.945
6.143,62.76,6.698,7.476
8.008,49.118,5.007,5.687
7.399,63.836,5.797,6.2
7.019,49.829,6.777,1.965
9.897,50.707,7.451,5.696
4.358,62.312,3.658,5.471
9.91,63.807,0.235,5.685
6.497,58.676,6.766,4.827
7.309,62.505,0.69,4.671
4.357,61.687,1.199,3.481
4.807,63.048,1.592,4.783
9.706,66.076,-0.337,6.515
9.14,65.032,0.237,6.34
9.257,64.876,4.895,6.266
10.899,65.909,0.065,5.695
6.572,49.808,5.137,2.982
9.994,67.406,0.762,6.49
7.126,51.532,3.595,5.593
8.462,59.705,6.087,1.308
7.043,60.372,6.656,2.568
6.337,64.28,3.147,6.189
6.882,61.409,5.705,3.986
5.239,64.092,2.006,3.89
5.512,50.352,5.65,3.525
8.617,62.469,0.916,7.828
4.218,63.324,2.215,6.155
7.159,62.337,5.087,6.934
5.583,64.822,3.317,5.183
8.089,66.592,-0.635,6.654
7.243,49.09,4.406,3.942
8.216,52.451,4.374,3.395
10.043,64.936,0.881,7.505
8.333,59.972,5.72,4.592
7.418,61.384,6.597,3.733
7.754,50.472,5.902,2.951
8.809,65.114,1.037,5.841
9.317,65.954,-1.233,5.002
7.1,61.431,5.318,5.123
6.998,49.415,4.502,5.341
8.052,49.489,5.6,4.643
9.508,66.011,0.687,5.736
7.66,66.803,-0.75,6.483
8.517,61.044,7.13,5.273
8.232,60.314,5.277,2.954
7.924,66.733,0.57,5.868
9.22,60.085,6.474,5.502
4.404,64.597,2.989,5.76
6.973,63.342,4.631,6.344
7.726,49.561,5.233,4.218
8.308,49.454,2.779,3.503
7.162,61.619,6.785,5.023
8.164,66.733,-0.423,6.968
6.872,50.785,3.651,4.591
5.813,61.843,2.76,5.747
9.37,65.489,-0.544,6.746
9.576,67.504,1.46,5.241
6.374,49.227,5.519,6.35
5.299,63.077,4.872,5.228
7.276,49.314,5.42,4.888
3.909,62.162,5.201,4.648
8.448,50.152,5.855,3.177
5.933,63.84,2.642,5.58
5.237,48.849,5.355,5.124
6.783,50.114,5.019,3.744
7.608,67.173,2.181,5.243
5.262,49.417,5.13,1.417
7.072,50.574,5.429,4.655
8.637,61.211,6.539,3.417
6.311,61.537,3.099,5.497
7.919,50.22,3.918,4.815
7.933,66.523,-0.815,6.622
5.502,63.974,2.233,4.879
9.025,67.244,-0.247,8.472
9.018,65.423,0.685,6.098
7.909,49.188,5.125,4.637
9.754,64.702,-0.077,6.034
7.296,50.861,4.674,4.107
6.826,65.951,2.058,6.19
8.98,67.354,1.124,6.512
6.187,50.242,5.418,3.459
7.836,61.367,6.219,4.923
9.002,48.927,5.352,4.912
7.266,50.201,5.494,6.906
6.885,60.444,6.948,4.244
7.704,61.642,2.335,3.966
7.772,50.637,4.008,5.484
8.981,65.539,0.227,4.483
6.902,60.953,6.503,5.538
9.329,67.79,1.129,6.879
7.001,63.95,4.135,6.246
5.97,61.723,4.511,3.703
9.132,48.04,5.598,5.986
8.032,61.576,3.669,4.193
5.996,63.473,2.502,4.177
5.501,62.618,2.023,6.635
6.429,62.244,1.258,5.289
9.32,66.666,0.162,4.849
5.458,62.786,1.248,6.096
7.195,49.905,4.855,5.737
6.293,61.252,8.165,4.41
7.5,49.889,5.614,5.433
6.789,63.175,5.129,4.799
8.359,49.977,6.447,5.092
7.48,63.287,5.623,4.294
8.214,51.108,4.946,4.752
10.276,66.867,0.38,6.018
8.665,65.876,1.284,4.551
8.074,50.586,4.541,4.113
6.884,62.845,4.214,5.512
7.249,49.811,5.042,5.852
8.526,66.567,-1.616,5.89
6.189,62.25,1.057,5.407
8.027,49.072,4.322,3.204
9.208,64.714,-1.302,6.042
4.136,62.733,1.237,6.52
7.22,51.893,3.601,4.794
7.364,64.377,1.112,6.2
6.113,62.381,7.252,5.033
8.08,62.21,6.161,5.876
4.54,61.706,2.229,6.772
6.363,49.305,3.148,4.989
1.748,63.415,0.721,4.739
6.956,58.665,7.18,2.366
6.75,60.588,7.087,4.021
10.117,49.958,6.19,3.72
5.784,51.357,5.987,3.449
8.921,64.373,3.808,7.029
6.136,64.028,2.293,4.515
10.238,66.506,2.328,7.224
7.118,50.371,5.557,5.08
6.412,61.881,6.028,2.842
9.988,67.037,-0.586,3.958
7.737,63.078,4.568,5.746
8.015,62.666,4.232,6.812
7.636,49.401,5.315,4.958
6.055,52.504,4.736,3.709
5.47,63.573,2.304,5.551
7.321,49.294,4.67,5.903
5.475,62.675,2.181,6.273
6.064,62.982,0.351,6.034
8.233,64.744,0.755,5.823
6.084,60.562,6.556,5.789
6.061,61.66,0.758,5.904
5.812,49.561,3.716,4.642
6.464,60.843,4.652,4.674
4.731,63.273,1.035,7.486
6.305,62.909,7.107,6.09
10.048,65.882,-1.147,7.189
7.325,49.121,6.324,2.601
7.788,62.167,3.555,6.177
8.658,51.028,5.683,5.151
8.144,66.036,0.812,5.986
6.628,64.34,4.072,5.591
8.062,66.645,-0.216,5.303
8.26,66.437,0.435,6.939
6.492,49.258,2.098,3.954
9.657,65.934,-0.731,4.593
6.76,61.322,5.396,3.602
7.753,51.316,4.57,3.873
5.009,61.467,3.58,5.383
8.075,61.447,5.509,3.28
7.609,48.967,4.576,3.836
5.344,50.606,5.22,4.646
7.151,59.864,4.89,4.767
7.164,61.594,6.681,4.123
7.554,61.611,5.581,4.238
4.01,62.794,0.84,5.335
7.253,60.862,3.841,5.761
8.682,50.116,3.925,4.927
7.009,61.032,4.886,6.359
6.398,62.773,1.413,4.499
6.845,62.313,6.167,6.336
7.865,61.811,2.613,6.64
5.232,63.656,3.066,3.852
7.117,63.474,2.148,4.769
6.966,58.512,4.777,4.226
7.661,65.99,-0.171,5.554
10.74,65.156,0.428,6.744
9.276,50.115,4.87,5.652
7.433,49.284,4.715,4.131
4.889,62.391,1.534,7.133
9.01,59.053,5.502,5.624
8.467,47.964,5.815,5.173
9.003,61.055,4.888,4.301
7.634,62.082,5.213,2.459
6.978,62.094,5.933,4.818
6.811,49.727,4.533,4.027
10.244,66.061,-1.033,7.683
8.452,61.9,4.69,5.481
7.981,64.656,0.351,7.714
6.633,63.959,5.569,5.347
7.874,64.111,7.051,4.772
6.801,51.487,4.413,5.527
8.827,49.646,3.964,4.821
8.984,62.353,5.563,4.416
5.214,62.71,3.022,6.25
9.475,64.326,-1.717,6.169
4.547,60.318,5.143,4.329
8.647,50.638,3.75,2.976
4.654,63.477,2.838,3.769
5.155,63.332,3.217,3.52
5.823,50.156,5.21,5.249
5.351,60.225,3.639,3.735
7.708,61.483,6.04,3.801
4.684,64.237,1.83,5.5
8.369,62.3,7.913,3.458
9.83,67.493,-0.34,6.474
5.566,62.663,2.222,6.143
9.263,62.408,5.778,4.286
8.148,60.31,5.762,5.045
7.091,50.102,5.162,4.573
7.089,60.851,4.372,4.654
5.049,62.393,2.498,7.256
10.167,67.947,1.577,5.429
9.935,67.883,-1.394,4.786
7.964,59.257,7.28,4.628
7.17,64.941,6.17,5.694
8.498,65.469,1.055,4.907
7.055,60.499,5.859,5.875
5.777,63.367,1.777,4.857
8.42,50.411,5.023,4.928
5.75,64.826,0.855,6.292
5.133,63.888,3.482,5.115
7.845,66.237,0.662,7.541
7.711,61.145,5.456,2.188
7.402,63.387,1.747,6.646
8.229,62.553,3.451,6.087
4.208,64.831,0.098,5.932
6.726,60.372,5.291,3.86
6.198,64.11,5.086,3.799
6.23,62.07,2.207,6.224
6.758,50.123,3.971,3.834
8.431,50.245,3.879,4.256
8.766,62.454,6.256,6.379
3.804,61.798,2.831,4.663
8.651,64.974,0.3,6.144
8.507,63.694,0.046,5.612
7.728,62.311,5.507,4.114
7.852,66.763,1.15,7.216
7.177,49.321,4.292,3.424
7.559,66.559,0.761,7.107
5.043,64.143,1.575,5.977
7.12,50.781,4.097,4.29
11.193,66.513,0.62,5.837
6.423,48.83,5.401,3.169
6.559,59.698,7.468,3.771
7.228,62.931,3.523,5.763
8.674,66.028,0.678,6.665
9.475,60.2,5.667,5.266
6.267,60.665,6.053,2.68
7.411,50.016,4.596,5.517
8.621,60.69,6.119,5.981
5.727,63.22,0.693,4.987
6.092,61.216,2.887,6.85
8.019,67.625,0.246,4.312
7.282,68.526,2.136,7.165
6.106,63.692,7.458,5.96
8.644,59.487,6.029,3.394
5.669,60.886,3.435,3.528
7.263,61.836,4.8,4.187
9.383,64.055,5.889,5.706
5.454,62.505,5.677,4.976
10.502,67.724,1.301,6.98
8.768,67.509,0.941,7.549
8.734,51.135,6.557,3.424
7.125,63.416,5.327,3.682
5.69,50.194,4.101,6.22
4.768,62.873,1.301,4.482
7.062,61.232,6.089,2.959
6.853,64.025,5.411,6.584
5.006,64.159,2.053,7.234
7.334,49.926,4.722,4.177
6.378,60.59,6.612,3.738
10.743,65.868,0.377,7.241
4.992,63.05,2.176,5.614
10.285,65.592,1.689,7.289
7.058,62.734,6.096,5.186
7.692,62.97,3.306,6.198
5.033,62.162,3.677,6.352
5.796,64.393,1.84,6.382
8.174,60.633,5.989,4.674
7.887,63.452,4.724,6.525
8.73,59.662,5.706,4.164
8.156,50.283,4.872,4.307
7.837,60.021,6.627,4.897
7.443,61.373,4.707,4.711
6.801,48.444,4.144,4.955
7.035,48.382,3.018,5.464
5.881,63.341,1.494,6.131
7.338,51.015,4.652,4.37
9.886,65.81,0.208,6.172
9.304,68.039,-0.062,6.48
5.275,61.866,1.349,4.896
3.262,62.531,2.238,4.891
9.036,63.848,0.093,8.261
8.523,65.998,-0.018,5.925
9.221,66.578,-0.247,6.925
6.752,47.986,5.057,4.639
7.041,50.774,6.346,2.897
6.063,51.251,5.033,5.776
7.853,51.203,5.706,5.272
9.041,66.075,-0.768,5.593
8.0,62.919,5.071,6.17
4.031,64.731,2.355,4.67
6.411,64.025,4.07,4.056
9.996,65.548,1.517,5.766
2.755,61.405,2.138,5.171
10.0,62.688,4.54,5.666
10.463,66.716,-0.787,6.388
8.089,62.391,5.673,6.023
9.234,67.602,0.375,6.76
4.705,61.417,4.746,3.859
8.94,65.099,1.026,6.383
8.003,63.146,3.655,6.49
6.641,61.734,2.994,6.587
5.808,63.028,0.814,7.557
7.629,63.604,4.892,3.33
6.195,60.326,4.87,4.826
4.497,63.128,3.064,7.037
9.583,65.45,1.001,5.421
7.653,64.144,4.633,5.534
8.184,50.205,6.968,6.206
8.568,60.07,5.763,4.88
8.79,64.931,-0.098,5.523
7.982,67.157,0.183,6.331
6.268,62.031,3.063,6.44
7.975,60.205,5.275,4.461
9.559,49.271,5.665,4.131
5.857,64.224,2.452,5.393
7.466,63.895,4.655,5.462
4.811,63.383,2.463,4.347
6.117,64.292,1.086,5.775
6.66,51.454,3.94,5.597
7.254,64.543,4.222,5.434
5.748,64.08,0.862,4.772
6.976,63.189,4.905,7.146
9.151,65.49,0.651,6.763
7.888,62.333,4.663,5.009
8.51,61.242,5.501,3.901
8.202,66.517,0.703,4.63
7.99,63.415,3.887,4.246
9.726,66.337,-0.05,5.052
8.814,64.917,0.102,5.951
5.043,61.183,4.988,4.863
9.501,66.921,-1.77,6.734
8.964,66.064,0.126,6.65
9.194,62.633,6.103,3.948
9.476,59.687,4.917,2.141
9.39,60.562,5.784,3.352
7.464,62.689,6.629,4.883
3.911,63.538,3.191,5.499
8.651,59.453,5.881,4.369
8.26,50.082,6.286,2.844
9.901,65.753,1.089,7.371
6.689,63.584,3.307,5.928
5.498,60.605,5.456,4.336
9.71,49.63,3.726,5.746
4.05,63.771,1.157,5.779
8.285,66.6,1.802,5.922
4.966,61.033,0.481,4.912
6.311,48.775,5.2,4.73
5.517,63.141,3.117,7.019
6.943,64.138,5.052,5.232
5.59,60.104,6.775,3.013
8.55,66.669,0.129,6.566
8.133,66.593,-0.026,6.661
4.596,63.956,1.484,7.404
7.122,65.006,0.024,6.498
6.97,50.49,4.274,6.461
5.322,63.732,2.467,6.089
6.799,65.383,2.913,6.231
7.64,46.928,5.409,4.517
7.172,50.472,4.107,3.842
9.701,67.449,1.28,6.124
10.089,60.475,6.749,5.37
10.271,66.496,-0.35,7.863
6.461,61.514,1.103,4.629
8.225,66.493,0.893,4.55
6.592,63.355,2.526,6.225
7.732,48.911,7.068,5.348
6.412,63.749,3.961,5.89
6.313,63.867,1.303,6.677
5.562,63.963,3.072,3.758
6.195,63.25,2.129,3.965
7.047,49.163,5.079,3.752
8.487,63.183,5.398,4.604
7.54,64.27,5.772,5.558
7.021,49.596,6.118,3.081
4.161,63.71,3.167,5.168
8.382,48.237,3.888,4.57
7.324,61.995,5.34,5.608
6.321,62.941,4.434,5.629
8.706,51.523,4.689,4.552
5.483,59.305,2.486,5.42
5.125,63.846,1.379,4.163
8.292,61.186,6.177,5.169
6.934,50.455,4.309,5.413
6.291,62.267,2.918,5.532
9.116,66.93,-0.686,5.065
5.351,63.102,3.016,5.506
5.086,63.996,1.861,5.513
9.7,64.921,-0.368,8.342
9.75,60.928,7.108,3.455
6.912,62.704,6.019,4.331
8.703,52.135,3.49,4.383
6.212,62.679,0.242,5.933
10.356,61.823,5.053,3.03
9.594,64.891,0.91,6.501
9.747,64.224,-0.594,6.391
9.088,63.658,3.326,5.669
3.86,62.843,1.662,4.465
10.55,63.76,-1.094,4.798
6.469,61.927,4.343,5.722
7.405,49.143,5.835,3.819
6.354,63.951,1.745,4.907
7.36,60.783,4.847,4.239
6.146,63.922,4.168,5.164
9.035,64.503,6.355,5.901
9.398,63.496,6.23,2.274
8.881,60.381,5.187,4.292
6.01,64.418,1.869,4.58
8.865,60.05,3.288,3.09
8.7,51.309,5.451,3.199
7.932,63.237,5.685,5.939
7.116,62.741,4.801,5.451
5.102,62.095,1.688,5.792
4.972,64.723,1.608,3.629
6.646,60.706,6.769,4.884
6.518,48.598,7.055,3.679
8.24,66.21,0.347,6.394
6.485,63.77,2.121,4.737
8.068,62.716,3.412,4.361
8.022,50.643,6.251,3.827
7.216,62.561,4.537,4.06
6.971,51.382,4.952,3.283
6.439,50.162,5.788,4.329
7.161,63.107,0.94,4.443
8.519,62.006,5.537,4.716
4.723,61.1,1.839,6.36
6.9,61.656,5.749,6.23
6.413,66.598,-0.926,5.755
7.525,63.203,4.351,5.886
5.107,62.895,2.49,7.393
8.136,65.469,0.686,5.562
6.801,50.193,4.994,4.156
5.294,50.337,5.362,4.398
6.731,63.998,2.764,4.682
5.65,62.842,4.797,4.844
4.947,63.264,3.379,6.891
8.751,51.939,6.285,6.652
9.071,60.626,5.599,4.435
7.291,50.201,6.148,3.39
8.293,65.187,0.156,7.135
9.41,66.168,-1.06,6.266
6.857,63.49,1.541,5.3
6.802,50.662,4.879,4.75
9.743,66.657,1.304,4.963
8.928,66.493,0.774,7.216
7.59,50.216,4.194,3.69
8.07,61.298,4.637,3.663
8.572,65.705,0.88,7.34
6.402,63.808,4.033,5.3
5.938,61.953,1.96,4.624
6.656,48.806,3.861,4.457
6.164,62.707,3.457,5.755
9.027,65.776,0.582,6.034
8.981,48.917,6.649,4.272
6.285,62.93,1.576,6.547
9.108,66.535,-0.863,5.758
4.727,64.919,1.894,4.568
6.477,65.672,-1.753,6.197
5.435,62.685,3.799,1.994
7.71,63.064,4.406,5.179
6.669,64.413,0.571,6.688
6.246,52.758,5.199,4.768
8.65,48.981,3.78,4.454
6.871,62.789,3.38,5.502
5.17,61.357,1.951,6.062
7.218,60.096,4.334,3.544
6.288,65.362,-0.093,6.515
6.991,60.962,6.311,2.424
8.354,66.843,-1.42,6.974
6.02,64.545,1.218,6.428
7.033,50.552,5.206,5.356
8.535,66.268,0.643,7.892
8.386,50.904,3.996,6.512
5.853,61.127,5.736,3.828
6.182,61.175,6.279,3.65
6.109,49.639,6.029,3.03
4.577,61.706,2.833,5.472
6.336,62.207,3.196,3.746
7.578,50.659,4.215,2.882
4.563,61.703,0.285,4.692
8.38,49.324,6.122,4.89
8.121,51.714,4.53,4.28
6.574,66.418,0.146,8.146
7.79,60.202,6.861,4.619
9.197,60.062,6.102,4.473
10.987,65.741,-0.089,8.481
7.17,61.929,5.176,5.628
7.734,48.931,5.629,4.526
7.394,67.639,0.969,7.089
7.436,50.414,4.382,3.361
8.253,59.949,6.465,5.541
9.282,50.435,4.078,4.772
10.063,65.978,-0.072,5.55
11.024,65.276,-0.567,7.92
5.895,60.476,4.125,6.338
6.496,62.364,2.731,6.544
8.617,65.939,1.211,7.331
7.33,50.108,5.955,5.007
7.547,65.58,4.405,6.212
7.1,62.011,2.028,5.187
11.492,65.947,1.19,6.909
5.768,49.044,5.291,6.327
7.11,63.825,5.281,6.297
7.931,50.339,5.339,4.007
6.533,62.356,5.462,3.481
7.193,51.742,5.097,5.162
5.825,61.389,5.691,4.857
7.699,62.964,5.389,5.801
6.204,50.499,3.246,4.895
5.89,48.389,4.801,6.013
5.824,63.097,3.513,5.722
9.242,64.173,-0.862,6.596
7.089,62.946,4.687,7.184
10.276,66.304,0.306,4.901
8.304,58.335,7.178,4.98
7.09,50.932,4.686,5.082
6.872,49.225,3.523,6.003
7.075,50.809,4.749,4.356
5.876,61.531,4.787,3.721
9.444,65.636,1.973,5.724
7.468,63.72,5.704,6.8
6.297,63.03,2.344,4.591
8.003,65.033,0.88,7.618
9.141,66.529,-0.644,7.006
8.515,63.786,3.877,6.114
9.006,61.08,7.244,3.008
5.472,62.114,1.303,6.906
5.744,61.734,1.93,5.178
5.77,60.927,4.125,4.954
5.191,64.34,2.524,4.19
8.454,50.091,5.225,7.726
7.773,50.395,5.91,4.682
5.735,59.275,3.537,6.138
6.782,62.818,6.381,6.459
7.653,50.264,4.616,3.596
7.845,60.225,5.695,4.116
7.426,63.578,4.212,7.585
7.692,67.953,0.626,5.386
8.545,60.296,3.126,4.614
7.373,60.412,5.346,4.604
4.079,62.57,1.686,5.446
7.399,60.814,4.864,5.112
10.329,67.729,-0.917,7.813
5.507,65.896,5.648,4.755
7.119,60.724,6.151,5.404
6.413,49.75,4.537,4.354
5.061,61.561,2.931,5.75
4.708,61.199,1.602,4.727
7.848,64.122,4.182,4.78
6.181,63.25,1.591,5.997
7.604,63.822,1.137,6.198
5.923,63.912,2.001,3.085
8.408,62.477,6.323,4.45
5.414,63.004,2.94,5.834
7.344,64.65,6.45,4.829
7.597,50.453,4.986,5.537
7.723,61.838,6.524,3.842
7.265,64.733,1.456,5.989
7.4,61.111,5.795,4.497
6.406,61.467,3.097,4.128
9.072,66.783,0.673,7.234
6.842,61.499,5.538,5.944
8.895,65.741,-1.06,5.155
6.667,59.462,5.465,4.254
7.441,60.426,6.938,2.595
7.808,60.399,4.991,3.943
10.362,67.4,1.286,7.747
7.635,61.103,6.325,3.251
7.589,65.389,0.675,5.091
5.229,62.095,1.761,5.536
7.692,50.774,3.01,6.127
8.877,64.646,0.244,6.681
5.463,63.181,3.14,6.092
5.751,62.328,2.793,6.224
7.354,61.935,6.0,4.492
8.558,59.953,3.39,5.851
5.408,62.258,0.866,5.943
8.802,51.083,6.09,4.957
8.395,49.527,6.77,4.028
5.488,62.565,0.566,4.799
8.387,61.022,5.661,2.247
8.33,60.675,7.111,4.408
3.676,63.545,3.4,4.034
8.045,59.548,4.085,4.187
4.782,64.751,0.929,4.173
9.749,67.317,-0.06,3.863
6.349,49.126,6.462,4.706
6.934,63.208,2.279,5.546
6.693,48.347,5.909,3.739
6.265,50.774,4.818,3.533
9.755,65.482,2.12,6.53
8.905,60.206,5.407,3.347
9.069,64.613,-1.142,6.506
6.033,49.401,6.049,2.842
5.521,62.737,5.341,5.034
7.89,49.905,6.756,3.7
5.039,62.741,0.114,6.12
8.257,48.459,5.235,3.946
5.215,49.473,5.056,3.886
7.276,60.951,6.345,4.549
8.829,50.425,4.835,1.55
9.136,48.362,5.556,4.576
9.159,68.572,0.722,6.798
6.45,49.188,5.553,3.726
5.705,62.865,3.157,7.162
5.977,64.621,3.1,5.336
6.817,49.896,6.504,5.919
8.709,64.432,-0.237,5.976
10.058,49.463,3.889,4.158
7.102,52.019,5.65,3.116
8.055,49.318,4.451,2.889
4.874,62.868,1.307,6.26
8.522,63.937,4.73,4.675
7.974,50.22,7.566,5.056
7.229,64.002,1.121,7.699
7.465,65.615,-0.288,7.2
6.361,61.662,2.731,7.462
6.119,62.091,3.098,5.45
8.282,65.293,-0.044,6.213
5.544,64.958,2.201,7.245
5.921,63.779,3.19,5.154
6.427,50.818,5.662,4.666
8.139,49.842,4.522,3.574
8.499,50.552,4.186,4.697
8.079,61.19,4.797,4.507
8.38,63.395,5.392,6.264
6.44,64.108,3.14,3.959
8.639,65.691,-0.537,6.706
6.862,59.867,6.92,4.214
7.721,50.307,5.84,3.822
4.707,63.445,1.753,4.495
7.683,50.872,5.327,2.941
7.592,64.316,2.963,5.631
8.662,51.498,4.551,1.259
6.003,61.194,6.645,5.077
7.272,66.169,0.926,8.38
5.333,63.138,5.804,2.865
8.017,49.368,4.528,4.335
8.749,64.897,0.586,8.037
8.848,61.204,4.845,3.762
9.673,68.038,1.295,6.692
7.778,50.291,6.33,3.659
7.442,61.221,5.768,4.587
6.775,60.901,5.478,5.004
6.163,50.779,3.335,4.585
5.533,64.021,1.067,5.46
8.326,47.651,5.557,4.867
9.517,65.604,0.562,7.834
6.807,66.809,0.059,5.815
5.983,64.806,2.215,5.892
6.559,49.835,6.167,3.968
7.519,60.367,5.485,5.948
4.861,62.09,5.682,5.872
7.638,59.464,6.436,3.721
6.83,62.473,5.457,5.207
8.751,66.033,0.579,5.566
8.032,63.374,3.32,6.695
5.026,62.564,1.127,6.008
7.546,50.151,3.213,3.862
4.322,61.345,0.915,5.426
9.253,66.065,-0.724,6.499
9.82,64.508,0.334,5.748
7.569,51.55,4.116,5.205
9.127,64.326,-0.457,6.659
5.038,61.138,2.007,6.108
5.943,48.484,6.579,5.902
3.702,62.912,1.87,5.239
6.403,49.704,7.324,4.479
7.291,50.22,6.803,5.502
5.839,49.312,3.408,7.11
8.101,60.059,5.553,4.539
4.647,62.735,0.842,5.954
8.247,60.616,4.528,4.579
7.325,60.732,5.003,4.092
5.999,48.864,5.695,2.98
7.43,49.652,4.446,2.551
8.645,66.121,-1.378,4.984
6.774,50.116,3.701,4.116
7.67,65.469,1.63,6.626
6.666,49.051,6.386,1.176
7.381,49.518,4.49,5.147
5.871,63.23,2.244,4.515
5.533,64.103,2.067,3.196
9.751,67.83,0.667,5.642
5.503,60.958,6.387,4.826
6.351,60.784,3.348,7.066
5.629,64.624,4.589,5.956
9.445,60.108,6.402,2.899
9.122,66.644,0.749,5.172
6.664,48.891,5.263,3.961
9.292,65.875,-0.468,4.996
8.111,67.015,-1.429,7.226
7.477,61.589,4.921,6.119
8.506,62.028,6.043,4.117
5.504,64.965,2.19,6.976
8.09,65.886,1.37,7.368
9.015,48.116,4.61,3.949
7.166,63.461,5.061,4.978
10.511,63.946,6.559,8.132
5.982,64.102,2.296,6.667
6.706,63.676,3.575,6.01
5.865,63.201,1.429,5.478
7.374,60.122,4.166,3.133
6.273,63.53,1.703,4.737
6.804,49.416,5.15,5.286
6.041,66.673,-1.478,4.558
7.587,59.495,7.239,6.703
6.673,62.478,7.511,4.802
5.63,62.926,1.085,6.349
9.009,62.897,4.733,6.672
6.14,63.275,1.839,6.057
5.887,61.609,3.713,5.707
9.086,66.683,-0.3,6.825
6.422,62.809,3.671,5.833
6.688,62.175,6.236,4.538
9.071,50.495,4.807,5.194
8.775,61.085,4.965,2.65
8.274,66.504,1.525,8.207
10.342,64.229,6.616,5.605
7.064,50.416,5.836,5.537
5.951,52.399,5.532,4.948
9.255,63.147,6.084,4.994
7.393,62.166,6.597,5.735
7.282,62.311,4.588,7.191
8.491,61.379,5.107,5.072
7.794,49.66,4.337,4.604
5.117,63.979,2.72,5.78
7.267,50.001,5.603,4.64
6.824,63.1,-0.052,5.697
8.195,59.747,6.804,4.186
5.553,64.649,2.934,5.314
9.487,64.532,0.187,5.482
7.445,50.41,5.08,4.2
5.945,64.659,2.818,6.858
8.798,62.316,7.141,2.398
6.866,49.133,4.176,3.3
9.211,62.639,4.396,5.596
6.859,62.306,7.771,3.794
6.633,63.243,5.241,4.545
9.963,66.569,0.914,5.738
7.643,50.173,4.482,3.815
8.808,63.704,3.732,5.652
10.197,66.171,-0.955,6.243
9.682,65.706,-0.63,6.524
7.84,49.813,5.651,5.524
6.905,51.154,4.799,3.777
5.64,61.926,1.016,5.974
8.372,51.097,4.803,2.837
7.468,65.962,-0.073,7.95
8.551,66.567,0.553,6.239
9.323,65.218,1.889,6.181
7.215,49.932,5.139,4.249
9.72,66.126,0.306,4.856
8.739,50.283,3.119,4.498
7.435,64.951,-0.515,5.09
7.317,60.544,5.459,5.617
9.372,66.246,-0.184,5.267
8.62,50.771,4.727,4.363
8.67,63.035,4.918,4.702
5.945,61.531,1.156,5.732
7.525,61.507,3.361,4.899
9.692,65.437,2.524,7.17
9.792,66.87,0.105,7.56
7.66,51.37,4.157,5.756
9.249,67.114,1.716,5.419
5.719,62.537,1.913,7.149
8.262,49.094,5.385,4.481
5.911,59.391,7.695,3.687
7.748,64.756,-1.163,6.004
8.036,65.196,1.892,5.801
11.132,65.16,0.79,6.138
6.684,48.969,4.828,3.801
6.68,63.895,0.647,5.48
6.08,64.207,1.945,5.304
6.993,49.759,3.107,6.054
5.433,62.589,2.454,7.616
5.809,51.054,7.044,1.302
6.56,64.43,5.109,5.209
7.561,67.008,0.711,5.384
6.033,50.435,3.63,3.148
7.803,60.875,5.672,4.716
7.565,63.622,2.961,6.416
5.303,62.156,4.315,3.836
7.813,58.797,4.57,5.139
4.388,62.101,2.219,4.938
7.461,50.441,4.727,2.83
6.418,50.962,5.259,3.414
9.419,48.891,5.518,4.207
6.163,61.582,1.767,5.873
8.791,66.263,-0.417,5.541
6.4,65.015,6.268,5.977
9.349,67.138,0.598,7.257
7.981,48.638,5.793,5.988
6.795,63.084,4.928,5.369
7.973,61.903,4.718,7.079
4.432,63.915,1.75,6.434
7.43,63.459,3.305,5.162
6.721,64.064,2.637,4.977
8.201,61.713,5.402,6.383
7.552,64.627,4.559,6.659
8.888,48.339,4.746,4.359
8.266,49.772,6.349,4.348
3.927,62.228,2.259,5.813
9.589,66.09,-0.143,4.308
7.905,50.576,4.807,2.636
7.49,50.731,3.435,3.741
5.237,62.573,1.728,3.596
8.593,66.82,0.797,5.018
6.58,65.56,0.859,7.862
3.759,61.971,-0.639,5.574
9.703,48.409,5.261,5.192
5.783,61.714,6.315,3.266
9.45,66.013,-1.074,6.024
9.056,50.818,5.274,5.941
4.778,62.17,2.191,5.764
8.17,66.344,0.274,5.145
6.276,60.674,6.193,3.174
6.866,50.166,4.817,4.065
5.965,60.749,5.303,4.667
6.61,61.535,1.853,4.828
6.226,63.846,1.972,6.39
6.185,61.476,5.453,4.326
8.185,61.542,5.006,6.133
6.187,62.061,4.258,5.444
7.818,66.799,1.88,6.964
7.851,50.371,6.065,4.641
7.31,50.094,6.853,5.494
6.815,49.367,5.122,2.15
9.012,66.543,0.445,6.642
5.016,62.784,0.98,4.189
5.409,64.143,1.983,4.976
8.737,66.251,-0.885,6.096
8.52,66.692,-0.333,4.741
9.048,64.664,0.483,6.39
7.074,62.608,1.357,6.516
7.25,61.388,7.181,4.092
7.196,60.361,5.092,4.586
10.041,66.362,-1.02,6.407
8.1,62.491,5.675,6.826
9.555,66.835,-0.582,4.706
6.258,48.833,5.676,5.789
7.475,62.713,5.26,5.344
6.438,63.834,4.653,5.707
5.542,62.453,1.167,6.313
8.549,64.911,0.356,7.776
7.743,63.707,2.385,5.151
6.933,62.586,2.012,6.612
5.374,63.172,1.587,5.522
7.648,62.989,1.985,6.416
4.277,62.308,2.297,6.781
6.678,64.041,1.468,5.106
8.437,50.565,5.246,2.678
7.166,49.701,5.033,4.137
3.545,62.809,2.262,5.407
6.126,49.195,5.975,5.634
6.759,62.164,2.679,5.06
10.733,66.64,0.999,6.125
7.995,62.01,5.836,4.588
7.048,49.922,3.822,5.53
9.383,65.707,-0.065,5.649
7.423,62.331,4.752,5.653
9.353,60.648,7.562,4.56
8.919,61.831,5.552,5.445
4.931,61.5,3.942,4.748
5.432,64.659,2.823,4.331
10.607,65.631,-1.154,5.829
5.866,62.649,2.257,6.019
8.364,65.661,0.641,5.764
8.077,65.301,-0.697,6.508
6.319,61.76,5.06,3.097
8.007,65.753,-0.163,5.525
5.764,62.375,1.911,5.79
7.232,48.869,5.028,5.75
8.793,67.51,0.582,5.444
5.18,59.723,5.868,3.895
6.248,63.488,1.964,4.365
8.722,66.564,1.956,9.997
6.236,62.565,0.306,4.936
8.722,64.926,4.625,7.482
8.596,49.921,4.3,3.487
9.498,65.782,-0.735,6.05
8.756,66.17,1.126,7.426
4.531,63.76,1.444,6.413
10.012,63.308,4.028,4.44
5.765,49.636,5.609,3.231
4.705,62.589,2.281,5.891
9.808,64.367,-0.427,6.659
8.508,66.657,0.208,5.86
6.098,64.251,3.006,6.294
4.918,64.211,3.638,4.478
9.182,65.48,-0.929,6.529
10.082,66.505,0.331,4.776
8.016,62.628,5.632,2.882
8.421,50.674,5.908,4.155
7.715,63.971,5.733,6.871
7.114,50.213,5.428,2.329
7.395,63.68,3.063,4.292
5.247,64.334,1.399,5.793
10.252,68.174,-0.413,6.931
7.56,50.16,5.117,5.971
10.259,66.119,0.706,6.858
8.82,65.679,0.134,6.71
7.628,49.988,4.425,4.264
7.892,62.676,5.72,3.617
3.204,62.874,3.102,4.254
7.156,63.034,5.713,6.79
7.789,51.165,5.959,4.2
8.602,65.126,1.464,5.671
5.252,62.934,1.393,5.001
8.592,50.375,6.2,6.121
6.877,62.859,1.798,5.705
9.892,67.305,1.021,6.555
9.2,65.86,-1.3,4.692
4.798,61.788,2.222,4.902
7.436,63.293,6.113,4.346
7.889,65.05,0.684,6.586
5.842,62.883,4.999,6.773
9.762,65.46,0.852,5.727
6.884,62.007,6.118,3.937
8.366,60.496,7.527,4.633
8.251,61.359,6.555,5.206
6.585,62.853,4.505,6.629
6.692,63.378,7.262,5.625
6.787,48.801,4.164,4.866
5.123,62.879,0.387,5.564
9.324,67.12,2.674,9.107
7.085,61.295,5.273,4.815
4.62,64.427,4.298,5.139
9.881,66.475,0.479,6.282
7.701,50.08,4.592,5.696
6.672,63.358,4.388,4.527
7.547,50.035,5.318,5.129
8.4,67.063,-0.466,7.886
7.843,65.835,-0.596,6.869
7.888,59.034,7.572,3.507
9.377,67.657,1.367,6.964
3.95,64.412,3.723,5.572
8.244,65.266,2.075,5.452
7.898,49.059,4.292,3.13
7.262,52.008,5.089,4.323
7.639,60.982,5.537,3.762
6.715,59.32,6.291,5.383
9.129,66.866,-0.483,5.907
11.076,65.933,2.427,5.657
9.977,63.677,5.464,4.976
7.434,62.991,1.791,7.166
5.892,60.871,2.286,4.44
7.663,60.143,8.389,4.406
10.035,64.907,1.56,6.129
7.352,60.951,6.477,4.144
6.877,63.149,5.864,5.572
6.757,63.51,2.171,4.688
8.515,60.887,7.106,4.127
6.863,61.455,6.16,5.153
10.126,66.144,0.932,4.858
7.701,50.302,6.119,4.134
8.453,60.962,6.75,5.434
6.405,64.454,3.66,6.622
9.998,64.379,1.529,6.514
8.245,49.46,4.69,4.938
7.579,63.101,4.174,6.875
6.176,61.971,6.153,4.121
6.785,63.306,3.868,3.388
7.231,59.543,5.508,5.496
8.605,65.066,-0.364,8.469
7.256,65.981,0.313,6.134
9.694,66.159,0.909,5.868
8.239,50.164,6.599,4.968
4.815,64.292,3.938,4.973
5.545,61.668,0.792,5.496
9.002,59.965,4.931,4.492
6.937,65.334,0.096,6.671
9.705,66.246,0.469,7.098
8.661,65.853,0.094,6.42
7.08,62.374,4.806,4.247
8.264,51.388,6.282,4.688
7.926,48.478,5.199,3.395
6.798,63.572,3.177,7.588
5.918,61.455,2.408,6.083
6.858,61.865,1.59,4.184
7.566,62.78,7.236,4.607
8.284,65.606,1.128,5.208
5.006,62.786,2.411,5.321
8.802,63.86,1.61,7.186
7.592,48.472,3.628,5.684
5.041,61.745,2.557,4.803
7.511,49.463,5.608,3.468
4.998,51.392,4.358,3.519
6.338,62.634,2.661,4.575
7.071,59.714,5.54,4.83
6.914,51.15,5.592,5.094
5.679,63.387,1.444,6.259
9.756,66.491,-0.081,5.716
4.543,63.267,1.443,4.64
7.425,50.213,5.368,4.744
5.632,63.35,2.148,4.734
10.133,65.014,-0.067,4.461
7.292,49.573,6.399,4.528
9.159,65.108,0.395,6.732
6.771,59.362,4.981,3.329
3.451,62.504,0.143,4.777
7.714,65.618,-0.27,5.247
5.06,62.856,1.944,5.208
7.676,62.983,5.04,4.426
6.514,64.194,5.8,6.635
4.948,61.839,1.105,4.806
7.421,49.463,5.948,5.155
7.076,62.093,4.197,4.929
8.772,49.589,5.059,4.727
9.441,64.789,0.808,5.649
9.412,65.885,2.695,7.899
6.541,61.514,1.613,5.335
7.747,65.355,-0.318,5.447
8.343,62.403,5.632,3.228
3.875,61.802,2.395,6.505
7.305,50.576,3.607,4.111
9.479,62.626,5.177,4.987
6.884,61.147,6.512,3.441
6.818,61.898,5.696,5.09
6.986,50.977,5.321,4.628
5.201,49.657,3.698,4.458
6.183,62.058,2.37,5.75
6.082,49.112,6.075,4.555
5.78,62.193,5.496,3.33
6.844,64.31,3.152,5.63
7.69,62.524,5.805,6.916
7.796,49.837,6.14,4.28
7.217,62.722,5.56,7.223
6.992,63.17,6.047,4.275
5.291,64.08,0.587,6.248
7.657,63.739,2.031,4.433
7.341,50.998,5.443,5.705
7.872,65.749,0.458,5.668
7.027,50.433,3.395,2.991
5.965,63.494,1.364,3.961
6.567,61.307,1.781,5.133
8.947,65.205,0.064,6.389
7.745,50.346,6.631,3.981
6.766,61.533,2.616,4.795
4.875,63.737,1.922,5.361
10.275,64.927,0.117,5.167
5.693,63.933,3.991,5.908
6.299,63.032,1.986,4.537
9.14,66.033,0.771,7.677
8.595,67.68,0.972,4.707
4.647,62.245,4.031,4.569
7.484,63.204,0.038,4.279
6.704,63.896,4.464,6.63
7.055,59.982,5.033,2.878
7.64,61.425,5.635,2.829
9.091,59.914,6.145,2.147
7.548,60.381,5.937,4.692
6.222,60.773,7.073,5.985
5.254,61.918,3.009,4.487
8.866,63.967,5.276,5.537
8.092,50.527,2.234,4.833
10.508,66.433,0.377,6.882
4.84,63.832,0.093,6.213
9.446,67.847,0.535,7.636
6.663,50.533,5.826,5.527
7.532,61.664,2.526,6.568
10.072,66.591,0.836,8.196
5.934,61.059,1.312,3.835
8.152,60.181,5.259,5.143
9.571,66.362,0.009,6.668
8.703,60.941,5.749,6.201
5.178,61.555,5.419,4.55
5.64,49.867,3.966,3.932
7.582,50.146,7.606,7.629
7.399,49.622,5.608,3.171
9.45,65.167,0.14,6.234
5.846,61.738,2.326,6.21
7.286,48.72,5.38,5.7
10.183,65.386,-0.722,7.871
8.056,65.6,2.182,7.425
5.365,60.961,7.553,4.495
8.842,64.825,2.509,6.182
4.278,63.131,1.95,6.115
7.321,51.083,7.523,4.84
7.533,61.432,6.398,3.76
7.429,65.749,1.368,6.138
10.115,61.003,5.949,4.166
7.102,50.392,4.221,1.223
7.198,48.208,3.032,3.871
8.892,63.207,6.297,4.834
6.207,64.5,3.859,6.366
10.588,65.128,1.843,6.091
8.992,66.202,1.26,6.342
7.475,50.231,4.833,5.467
8.031,59.664,5.772,4.052
6.023,49.586,6.293,4.246
4.81,61.43,1.846,5.988
9.092,65.729,-0.055,6.741
9.399,64.179,0.232,6.444
9.585,67.553,1.643,5.489
8.002,63.051,4.891,4.572
6.754,63.032,1.441,5.453
7.955,63.163,5.981,6.749
6.348,61.467,3.425,6.498
7.558,62.429,3.877,5.545
8.488,65.769,1.271,5.74
8.434,58.774,6.229,3.819
8.548,63.862,0.369,5.547
8.842,49.454,4.423,4.539
8.455,48.993,5.435,6.359
4.325,62.86,0.318,6.755
6.3,61.144,2.427,4.289
8.571,60.592,6.494,4.413
8.257,49.295,5.487,4.239
8.474,66.948,0.327,7.715
8.882,60.649,5.962,6.285
5.846,63.336,2.283,3.727
7.455,61.481,4.66,6.028
8.793,60.129,6.483,6.549
7.626,51.657,5.773,5.431
7.049,61.488,5.114,5.627
5.73,51.069,5.43,5.504
8.242,60.888,5.709,5.141
6.404,64.161,2.829,5.041
9.339,66.262,2.338,7.283
9.013,63.051,4.001,5.351
10.092,49.555,4.877,3.878
9.274,65.082,0.873,6.126
8.348,50.761,6.087,3.201
8.659,49.665,6.512,4.143
6.958,51.803,6.305,4.183
6.29,64.307,2.499,5.577
7.888,49.513,3.926,5.832
6.379,61.899,2.019,5.646
7.195,61.915,4.926,4.73
10.358,66.135,0.206,7.0
5.746,49.881,5.95,4.214
7.506,50.069,7.001,5.805
8.065,51.681,3.646,3.233
6.638,62.981,4.398,4.451
6.362,60.616,5.26,5.308
6.04,63.803,2.411,3.932
6.76,60.774,6.268,3.795
7.686,65.061,0.516,5.853
7.253,63.902,3.4,6.529
9.049,50.49,5.599,5.241
7.891,60.287,6.606,4.828
9.378,50.913,6.37,4.569
4.778,63.995,0.227,7.079
5.109,62.526,3.791,6.149
5.742,61.383,2.479,6.328
5.495,50.861,4.147,5.232
7.873,49.582,5.484,5.796
4.272,61.478,3.273,5.595
6.195,50.46,6.327,5.623
10.669,65.799,-1.326,6.918
10.48,65.11,0.695,6.457
6.944,59.805,5.364,3.767
5.095,62.526,1.961,7.039
7.008,60.989,3.326,4.362
7.747,63.096,3.893,5.121
5.291,62.474,3.076,5.313
7.715,62.709,5.162,4.368
5.479,63.023,2.75,4.931
4.953,62.918,2.575,5.851
4.171,62.876,1.848,5.532
6.155,62.674,5.864,7.115
7.565,60.484,6.226,3.953
5.602,64.688,2.176,4.497
5.716,62.409,4.014,5.647
7.81,50.52,4.635,5.272
9.214,65.352,-0.622,5.269
7.961,63.526,1.202,5.326
5.793,60.488,6.366,6.21
8.799,66.268,-0.431,6.082
5.936,62.92,4.966,4.682
9.301,64.896,0.209,7.331
8.583,49.615,3.024,4.08
9.777,66.413,0.94,6.82
8.687,64.339,1.398,6.831
6.605,65.247,-1.512,7.348
4.5,64.44,2.16,5.52
9.555,61.791,4.283,5.382
4.303,62.286,2.027,6.226
8.473,64.801,-0.058,5.536
8.923,65.038,0.918,6.369
7.015,50.936,5.716,6.678
6.154,51.685,5.081,4.826
8.548,66.921,-0.027,6.416
10.554,66.198,0.753,6.551
9.98,67.429,0.019,7.745
6.474,62.743,6.577,2.75
9.611,66.939,-0.401,7.895
9.901,64.399,-1.266,5.73
7.408,66.483,0.452,6.184
6.631,64.641,0.33,5.282
7.959,65.218,0.141,5.293
7.867,63.36,4.294,5.513
8.333,66.56,0.873,6.476
6.004,61.4,1.887,4.188
7.652,63.205,6.265,5.159
7.328,61.694,2.279,6.927
10.594,67.439,-1.908,6.294
9.731,64.588,2.275,6.331
10.172,65.836,-0.532,5.382
7.288,50.155,4.587,5.669
9.605,48.855,6.308,4.966
8.547,47.744,4.748,3.569
10.042,65.743,0.957,4.757
4.949,63.275,1.238,6.49
5.748,60.256,4.542,6.225
6.348,63.212,0.583,6.168
6.603,60.158,3.784,4.232
6.511,63.052,4.992,6.704
7.594,60.225,6.588,5.013
7.891,64.9,4.559,5.509
7.062,50.594,5.517,5.463
8.558,66.361,1.945,6.331
6.884,61.671,3.5,5.244
5.623,62.648,3.27,6.178
9.559,66.899,0.498,6.12
5.855,62.834,2.434,6.675
5.198,59.477,5.343,7.665
5.169,59.888,4.219,5.85
9.163,48.412,4.902,5.735
5.609,63.627,1.397,5.764
8.193,66.049,0.54,6.466
4.628,61.865,2.616,3.752
9.203,66.469,1.353,7.214
7.702,65.97,0.206,6.668
5.964,60.921,6.95,4.709
6.092,61.454,4.08,5.27
7.423,61.37,2.391,5.514
10.435,66.691,0.319,7.705
9.016,66.99,0.793,6.729
8.024,66.566,0.508,7.298
8.743,60.841,7.611,2.974
6.668,61.294,5.575,4.237
6.174,60.221,6.019,4.092
4.411,62.287,5.64,3.188
7.651,59.085,6.108,5.006
8.171,50.719,4.493,4.633
8.504,66.256,-0.737,5.936
8.088,49.923,3.524,5.633
8.937,60.495,6.075,5.387
7.107,59.507,5.989,3.778
8.463,62.109,6.179,6.017
8.869,50.212,4.822,4.834
8.276,49.896,5.771,6.17
7.878,61.963,4.906,4.997
7.649,61.766,5.324,3.849
5.352,49.778,4.414,5.591
8.564,60.617,3.816,4.08
6.737,63.778,1.217,4.329
6.89,59.436,4.994,3.106
7.915,65.943,0.723,7.12
5.992,62.518,3.95,5.162
8.726,60.538,6.25,3.14
8.914,66.706,0.018,6.11
6.784,61.222,5.432,4.113
4.243,63.743,1.341,5.873
10.485,65.119,-0.596,5.681
6.654,49.698,4.553,3.95
6.908,60.379,5.214,5.463
9.667,65.742,0.646,5.636
7.319,48.563,4.681,6.019
8.392,61.386,6.229,3.733
9.405,67.426,1.402,6.477
6.909,67.929,-0.615,5.449
5.856,49.308,4.884,5.201
6.733,62.863,5.402,3.421
7.487,60.788,6.364,4.621
9.02,62.132,7.859,5.265
7.558,60.49,5.774,5.716
6.152,49.097,6.045,5.101
7.729,62.928,3.522,5.991
7.88,61.825,5.204,6.195
7.825,63.747,5.422,4.951
9.955,64.115,-2.004,5.943
6.038,48.548,4.858,5.195
6.244,63.425,2.326,5.943
8.459,48.157,4.63,4.474
7.269,62.622,3.031,4.715
6.819,64.369,0.915,3.89
7.629,65.814,1.178,6.216
7.099,65.569,0.154,6.71
7.32,62.273,6.125,4.972
5.255,64.203,3.267,5.258
7.298,60.7,5.728,3.659
8.257,65.894,-0.91,6.947
6.239,61.503,4.203,6.131
8.974,60.754,4.641,4.202
5.796,62.902,2.337,5.774
7.238,63.52,0.864,5.252
7.653,63.066,1.982,4.151
8.105,51.065,3.396,4.512
7.427,51.08,4.654,3.169
8.302,67.385,0.327,4.22
10.209,65.257,1.713,7.969
6.025,62.193,2.049,5.016
8.656,67.943,-1.919,6.505
8.895,60.858,5.218,4.046
6.902,62.973,2.767,5.43
5.829,63.6,0.249,5.439
7.712,61.669,5.154,2.472
6.685,50.116,5.892,5.341
8.817,63.353,4.418,5.258
7.927,48.009,5.267,4.361
7.596,64.798,-0.55,7.158
8.298,61.919,7.34,4.316
8.45,60.695,5.25,4.196
6.877,59.572,6.861,4.909
7.935,62.824,5.196,5.89
8.127,63.673,1.58,6.271
7.506,60.74,5.082,2.679
5.9,48.382,5.391,5.547
8.247,65.753,0.133,5.149
8.838,62.637,4.535,4.667
6.919,62.837,5.934,3.702
9.252,60.262,5.43,2.831
7.346,50.536,6.365,3.342
6.43,65.006,3.233,5.138
5.455,62.788,2.179,5.131
5.097,60.906,4.095,5.421
7.748,49.366,4.484,4.782
6.22,64.146,1.455,6.153
8.154,50.899,6.471,5.628
6.917,64.854,-0.219,5.67
7.642,50.464,5.773,4.602
7.815,59.767,6.406,2.304
9.336,65.943,0.535,5.801
7.045,62.952,5.412,3.441
8.916,50.759,5.287,5.182
8.467,50.122,6.983,2.392
7.714,64.154,2.06,5.991
6.844,63.239,6.683,7.037
7.268,50.54,3.672,3.305
8.017,51.279,6.086,6.283
9.067,59.849,5.088,5.001
8.746,49.083,4.818,5.245
7.014,60.254,2.694,3.978
8.77,61.936,4.868,5.983
9.855,51.121,5.573,5.834
10.778,66.62,1.267,7.17
8.542,67.751,-0.428,7.579
9.057,61.571,5.724,3.268
9.945,64.795,-1.064,5.825
6.677,64.986,0.184,5.286
8.302,62.31,5.976,3.592
8.955,49.537,6.222,4.891
6.105,62.985,2.016,5.955
7.454,60.843,5.971,4.631
9.155,67.437,0.311,7.764
6.519,63.942,1.531,6.259
7.017,51.299,6.833,4.539
8.658,65.057,0.833,5.962
6.478,63.068,0.695,7.13
4.982,64.691,2.137,6.26
8.035,60.875,4.158,5.644
9.097,60.07,5.749,4.687
9.514,63.7,-1.071,5.893
7.498,60.942,6.509,3.946
9.575,66.399,-0.564,5.485
5.3,62.908,2.662,5.672
7.349,61.087,5.304,3.305
5.444,61.455,4.548,5.631
6.82,49.749,7.166,3.015
5.169,63.486,3.047,5.693
6.018,60.749,4.78,4.919
7.441,49.113,3.876,4.388
6.781,63.466,2.331,5.518
8.294,62.804,4.934,6.67
8.609,51.726,6.883,1.188
8.379,49.898,4.695,5.731
9.371,66.129,2.428,6.264
9.165,66.124,1.877,5.794
6.039,63.989,5.699,5.608
10.138,49.534,3.714,5.052
8.146,61.226,5.037,3.036
5.268,63.097,1.459,7.051
5.969,65.257,2.927,5.622
8.008,61.267,5.814,5.12
10.232,67.721,1.06,8.113
5.009,63.931,3.629,4.79
10.999,64.887,-0.043,4.322
6.308,63.8,2.719,7.076
8.426,67.741,-0.017,6.903
7.134,48.996,5.896,2.477
7.083,47.994,3.782,4.136
6.351,63.3,4.343,6.352
9.581,67.012,-1.292,5.725
9.578,61.061,5.69,3.504
8.227,62.92,1.822,5.68
7.699,63.444,4.97,5.904
7.313,48.703,5.699,2.015
6.517,50.182,4.963,5.088
5.004,63.055,4.889,5.623
8.204,65.835,-0.852,8.509
9.229,48.123,5.548,4.526
6.957,59.818,6.073,4.356
8.975,67.149,1.443,5.799
6.578,61.163,1.848,7.045
9.171,67.574,0.643,7.209
6.578,63.176,0.869,5.209
7.87,60.277,4.069,4.627
6.818,59.947,4.814,5.606
7.024,62.478,4.339,5.744
7.903,61.928,5.491,3.877
7.587,60.6,4.899,4.534
5.708,64.341,0.645,5.077
10.464,64.198,0.556,5.902
8.806,59.394,5.166,4.162
5.488,63.099,3.512,4.109
5.555,63.692,3.474,8.18
6.486,66.115,0.525,5.054
7.129,63.337,0.954,5.131
7.996,62.558,6.192,4.527
8.037,51.18,6.618,6.338
6.414,64.043,3.979,7.378
7.102,48.629,4.412,3.669
5.963,63.795,4.499,5.556
7.351,62.017,7.492,2.666
9.263,65.0,-0.222,4.695
7.809,63.268,5.056,4.805
8.648,60.819,5.414,4.561
7.511,64.803,1.574,7.437
7.893,51.219,4.079,4.651
5.741,64.177,0.118,6.055
8.74,50.77,5.292,4.683
7.758,59.912,4.153,3.038
6.791,63.455,2.535,6.254
5.335,61.773,2.827,3.962
5.89,61.366,3.208,5.355
4.335,63.397,0.597,6.098
6.043,63.261,3.171,4.527
8.532,60.368,4.711,3.66
4.766,63.946,2.839,6.312
8.316,66.031,-0.701,6.076
9.182,66.105,0.273,8.237
6.029,66.431,-1.261,6.361
8.833,65.97,-0.612,6.785
6.432,63.064,5.732,5.978
6.391,62.106,6.072,4.377
6.911,62.684,6.164,6.224
8.779,66.335,0.102,5.318
5.165,65.452,3.134,5.071
4.424,60.985,1.642,5.132
5.004,63.807,0.889,5.917
7.682,49.406,4.164,5.519
7.231,61.014,5.249,4.102
7.647,62.391,4.315,4.944
7.929,49.317,5.75,4.981
6.454,49.172,4.434,5.351
7.2,60.048,5.377,4.027
7.728,59.818,5.665,3.969
6.671,64.028,5.032,4.817
7.622,50.36,4.064,5.079
7.364,65.461,-0.99,6.056
8.198,66.293,1.002,5.47
9.755,67.023,-0.737,6.39
6.985,61.708,6.661,5.03
10.496,65.875,2.735,5.969
8.997,62.35,3.767,6.439
7.041,63.985,5.511,6.061
6.694,50.536,5.386,4.969
6.813,59.674,6.83,3.544
4.632,62.336,0.238,4.832
5.547,63.872,2.199,4.137
6.952,50.09,6.772,4.554
7.5,61.515,5.162,4.432
6.619,49.322,5.422,4.119
7.101,62.291,3.793,5.677
8.844,49.518,5.098,6.661
7.98,66.745,-2.262,6.71
8.433,60.47,4.948,5.949
7.301,60.458,5.824,3.165
7.061,49.537,4.322,7.011
4.541,63.103,0.967,4.576
8.214,60.91,4.163,3.905
6.476,61.442,2.391,4.356
8.469,68.479,0.859,4.401
6.158,63.63,-0.449,6.967
7.551,50.256,4.39,5.211
9.423,61.611,5.933,4.046
8.309,65.482,-1.01,7.36
6.548,61.997,4.902,5.042
9.388,63.418,5.632,4.57
8.459,63.871,5.24,4.828
5.125,60.778,2.041,5.101
7.987,60.168,6.617,2.371
8.507,49.435,5.741,5.423
6.569,64.021,0.327,4.859
4.749,62.596,2.071,4.919
4.49,63.496,1.595,6.244
6.849,64.24,2.966,4.38
4.548,60.144,4.357,5.805
10.245,65.459,0.001,5.677
6.407,60.477,5.58,3.684
5.289,62.284,3.14,7.174
7.602,50.501,7.18,6.058
7.227,66.111,-1.165,5.763
8.16,49.495,4.058,0.964
7.104,61.135,6.631,4.045
7.664,59.567,3.538,4.316
6.896,62.811,6.267,5.213
5.25,63.885,1.435,4.305
6.892,50.401,6.663,4.268
7.054,67.243,0.736,6.168
7.026,51.376,6.432,4.074
6.125,61.826,1.723,5.361
7.264,62.626,5.58,6.497
7.571,64.992,-0.137,7.193
5.949,62.921,2.943,5.049
11.981,65.983,-2.824,5.041
8.396,64.366,3.416,4.656
10.072,67.319,-1.108,6.866
5.415,61.368,0.193,5.856
7.199,64.124,3.588,6.46
6.63,50.966,4.724,4.454
6.582,50.461,4.809,4.327
9.332,66.544,0.038,6.32
7.422,63.587,7.141,5.315
10.644,65.456,0.953,7.827
10.662,66.775,2.221,6.056
7.712,49.611,4.21,4.162
8.068,62.599,4.841,4.938
6.732,64.255,-0.13,5.01
8.33,66.172,-0.85,7.585
9.127,67.035,1.007,6.587
7.124,50.323,4.917,3.7
7.953,68.571,-0.015,6.146
4.781,62.816,1.131,3.941
10.573,68.151,-0.365,5.017
8.292,50.551,4.141,6.337
10.116,64.841,-2.184,7.08
5.722,51.121,3.782,4.993
6.926,64.646,3.437,5.923
5.077,62.91,1.404,4.632
10.724,66.425,1.589,6.132
8.453,66.685,1.121,6.1
4.357,62.47,2.122,4.173
8.119,60.964,6.572,6.015
5.39,61.325,1.198,5.874
7.387,60.485,4.128,4.967
5.872,64.69,4.964,7.565
8.215,49.792,5.088,5.029
8.379,48.738,4.042,3.903
6.642,63.389,2.599,5.77
7.797,50.461,4.79,5.183
6.372,52.389,5.167,5.606
9.381,63.362,3.729,4.147
7.413,64.652,2.546,6.346
8.589,61.613,7.031,2.656
10.558,67.178,0.31,6.554
8.361,62.029,5.087,4.293
7.15,49.968,6.082,4.438
9.294,50.387,4.234,4.766
6.552,62.148,4.908,6.934
6.063,62.433,1.265,5.441
8.988,65.164,1.819,5.58
5.359,64.254,4.909,4.683
5.707,63.988,0.08,5.34
8.38,64.347,-1.378,8.03
4.869,62.141,2.989,4.611
8.36,65.985,0.882,7.036
5.293,50.637,6.579,4.52
6.008,61.457,4.497,5.14
8.198,59.274,4.805,4.603
10.804,65.283,2.673,8.76
5.236,60.991,5.134,4.497
8.573,66.557,1.36,4.711
10.359,65.615,0.514,6.569
5.268,59.998,6.167,5.313
7.173,51.386,3.617,4.074
8.374,50.19,5.537,4.997
4.529,63.744,3.191,6.563
8.19,62.389,5.791,5.065
7.938,59.429,6.628,5.242
7.388,64.488,4.138,7.592
5.164,64.661,0.634,5.634
7.667,60.259,5.406,3.764
7.696,49.155,3.597,3.165
8.349,65.289,-0.611,5.999
8.435,63.497,5.084,3.958
8.276,65.479,1.323,5.41
8.133,50.09,3.726,4.876
7.175,50.015,5.908,3.087
8.996,67.573,1.384,5.815
8.14,66.177,0.938,8.209
7.056,48.578,4.815,4.441
8.794,50.189,4.737,3.777
10.991,66.646,0.14,6.492
9.238,66.445,-0.331,7.427
7.763,59.969,6.139,4.276
7.529,48.198,5.051,6.165
4.941,62.723,2.838,5.853
9.045,48.682,2.359,3.913
7.228,48.849,6.082,5.65
9.31,65.894,0.751,4.91
9.341,66.114,-0.928,6.834
6.587,61.496,5.142,3.468
7.827,48.489,5.93,7.24
7.239,60.384,4.608,4.258
8.199,50.137,3.863,5.702
9.123,67.994,-0.001,6.988
9.433,66.504,0.146,7.973
9.483,64.559,-0.849,6.381
6.229,64.241,2.516,5.667
8.611,61.754,3.152,7.75
8.033,64.321,4.198,4.853
7.482,65.859,2.074,4.469
9.965,64.585,-0.379,7.283
6.608,49.063,5.2,4.257
8.118,61.736,5.658,5.451
6.526,59.924,5.656,4.799
6.584,62.391,1.067,5.888
6.342,61.953,3.264,5.085
6.602,62.025,6.266,7.291
6.385,62.21,4.273,5.349
6.287,61.906,0.678,5.032
7.15,50.16,5.29,5.314
5.786,63.529,2.495,4.905
5.696,63.699,2.851,5.63
5.008,63.187,3.148,4.862
9.932,66.287,-0.046,5.729
8.019,60.729,6.163,3.661
8.148,66.526,-0.467,6.827
9.568,66.173,0.472,6.119
4.184,61.314,3.394,5.453
6.196,63.047,2.748,5.229
3.008,62.031,0.773,5.347
7.564,61.866,5.535,6.05
6.432,49.4,5.083,2.358
6.201,62.691,3.092,5.234
8.277,50.937,5.415,4.063
7.788,67.183,1.865,7.835
7.633,64.642,0.155,7.898
6.05,60.422,7.069,3.975
8.488,65.941,-1.76,6.086
8.087,51.631,6.163,3.824
11.037,66.875,0.993,5.772
9.005,65.456,-0.503,5.631
8.386,48.086,5.481,3.712
7.252,62.93,5.532,6.287
9.476,66.551,0.99,7.197
6.94,48.986,4.642,3.822
6.041,50.438,4.375,4.306
8.124,67.016,1.026,6.215
6.462,62.05,5.087,6.3
6.067,49.136,4.41,5.283
7.154,64.282,4.861,4.336
7.813,62.764,4.572,4.718
8.409,66.008,1.202,6.755
7.481,52.835,5.613,5.022
5.098,63.028,2.338,3.996
4.338,63.28,2.156,5.603
9.927,66.412,0.1,7.429
6.456,64.3,1.653,5.314
6.174,62.045,6.251,4.445
7.876,48.991,3.241,6.442
8.153,61.051,6.387,5.186
6.31,61.734,2.01,4.224
7.386,65.435,1.996,8.517
5.549,64.537,1.249,4.867
6.635,59.205,5.657,5.282
4.384,63.17,3.162,5.077
7.445,49.45,6.06,3.577
5.388,63.35,1.274,5.54
9.207,66.281,0.084,7.655
7.583,66.777,1.137,7.159
5.547,63.669,1.976,5.485
6.918,50.365,5.151,3.948
7.883,61.796,5.801,3.815
10.588,65.178,0.139,7.394
5.512,60.909,2.261,4.368
8.018,62.722,5.531,4.008
6.466,49.956,7.015,5.644
8.939,66.871,0.322,4.845
8.05,49.645,6.923,5.601
6.734,62.789,1.868,5.82
7.859,63.999,5.537,4.86
8.443,65.702,1.595,6.879
7.306,67.066,1.521,7.335
8.601,49.438,3.824,3.876
7.485,50.313,5.982,2.512
10.192,66.228,1.163,5.996
6.546,49.428,5.237,2.94
7.336,59.474,6.859,3.936
8.288,65.822,0.49,6.023
7.38,66.272,-0.284,6.583
5.903,61.591,2.704,6.08
5.768,60.699,3.535,5.835
5.685,64.366,3.814,5.576
4.225,62.185,1.015,5.215
5.907,49.242,5.34,3.987
7.074,61.834,6.532,6.59
7.821,61.928,5.663,3.914
8.26,64.762,1.233,6.208
6.973,64.306,2.405,6.815
10.12,66.007,0.552,7.1
5.927,62.249,6.158,6.156
9.589,66.255,1.547,6.969
6.005,64.04,4.492,4.701
5.368,62.638,2.976,6.634
10.327,65.996,2.014,4.915
8.247,67.065,-1.794,5.212
9.01,65.038,-0.437,7.339
7.49,60.432,6.665,4.567
4.59,63.005,3.339,5.946
9.144,66.706,1.84,6.909
8.37,60.363,6.755,3.463
7.745,63.548,2.906,6.475
7.117,49.894,3.999,4.652
6.617,63.706,0.986,4.503
8.44,65.155,-0.815,7.46
6.695,63.471,1.287,5.886
9.769,64.644,-0.051,6.31
9.428,61.877,5.315,7.341
9.656,66.21,0.023,7.158
6.813,64.038,6.835,5.075
7.146,48.112,5.919,5.765
8.01,60.331,4.945,3.407
6.517,50.964,4.592,4.274
7.185,62.002,6.752,5.759
8.72,50.188,4.513,5.12
9.492,67.334,0.017,4.905
7.268,61.703,4.935,4.902
7.607,51.065,3.87,5.761
7.449,63.077,2.485,4.552
7.64,65.648,-0.599,5.746
7.625,50.124,3.718,3.368
5.298,64.139,6.986,5.864
3.769,62.904,-0.257,6.218
6.656,61.81,2.771,5.893
7.444,50.429,2.824,4.032
6.102,63.745,1.825,5.972
6.368,62.87,2.239,2.577
5.722,62.752,2.582,6.308
7.18,50.232,4.423,4.118
8.175,49.892,4.822,7.327
7.104,51.364,5.411,3.163
8.608,65.906,0.878,7.261
8.775,66.299,-2.15,4.533
8.221,60.175,5.77,3.829
8.64,60.609,5.881,4.519
4.968,62.593,1.269,6.074
7.58,60.787,7.188,4.369
7.678,50.434,3.955,2.235
11.781,66.099,1.289,5.21
8.18,64.87,6.055,5.227
7.746,64.751,0.766,5.107
9.97,67.355,0.519,5.467
4.967,61.486,3.396,5.189
7.213,52.156,5.361,4.291
10.198,61.07,7.585,3.037
8.839,65.103,0.667,5.904
7.602,47.146,5.352,4.666
8.201,50.566,4.033,4.821
7.26,66.087,-0.251,6.232
4.982,63.629,3.437,5.977
5.692,63.163,2.349,5.707
6.074,59.971,6.442,4.946
6.474,64.658,1.382,5.697
6.656,62.056,0.918,6.538
8.707,64.236,-0.125,5.856
7.419,62.912,3.351,6.955
6.685,59.82,6.855,4.22
9.271,61.652,4.665,3.495
7.736,64.415,4.432,5.221
7.561,66.186,1.089,5.94
5.407,63.23,1.417,7.595
10.566,67.549,0.727,5.669
6.371,50.548,2.722,4.476
3.584,63.683,1.791,6.43
8.324,48.961,6.307,6.082
7.919,61.203,4.851,6.076
8.15,63.207,3.58,5.092
8.295,66.301,-1.424,4.986
8.682,60.012,6.018,2.578
8.879,66.854,-0.072,5.689
6.334,64.26,1.37,5.85
5.373,63.196,4.418,5.22
7.49,68.339,-0.172,5.278
8.755,61.392,4.848,4.957
8.057,63.641,4.603,4.893
9.554,61.609,4.795,3.643
6.445,60.66,6.678,6.067
7.084,65.176,4.118,6.094
8.22,67.367,0.195,3.563
9.22,66.359,1.649,4.244
6.094,63.901,4.207,5.663
10.122,64.863,-0.973,6.572
7.794,49.71,6.097,4.943
5.132,60.851,5.502,5.38
7.854,64.309,5.848,5.11
6.01,51.132,3.793,3.221
6.547,48.178,6.205,6.054
4.776,61.622,2.292,6.149
6.095,61.782,4.399,5.658
5.273,62.574,3.397,5.486
8.413,63.776,6.469,7.362
9.992,65.501,1.434,5.747
5.834,62.811,1.823,4.493
7.716,49.565,5.301,4.254
8.957,59.32,6.952,5.606
4.875,62.414,3.975,7.386
4.799,49.477,4.813,5.861
6.627,60.445,6.177,5.317
7.719,60.73,6.858,2.262
6.779,50.614,5.846,3.365
7.825,51.339,4.516,3.732
7.816,64.699,0.671,4.433
3.7,63.065,4.016,4.974
8.482,49.347,4.906,4.816
8.9,66.156,0.289,7.122
3.408,64.195,2.928,4.006
7.656,50.306,4.319,4.679
5.705,62.847,5.941,6.331
7.407,65.557,0.536,5.467
6.87,60.375,6.424,3.29
8.24,65.275,5.731,5.608
8.713,64.406,-0.091,6.98
8.056,60.719,5.905,4.78
6.748,50.773,6.774,3.309
8.685,65.848,-0.342,5.936
5.643,62.402,1.168,4.664
6.322,51.036,4.965,4.183
5.018,63.046,3.107,4.555
9.837,64.701,-1.5,5.321
3.683,64.462,1.918,5.232
3.777,64.823,3.802,6.148
4.005,62.697,0.462,5.521
5.702,49.413,5.829,5.404
7.173,51.779,5.014,5.619
4.548,64.847,0.966,5.232
8.834,51.36,5.006,3.049
5.094,63.154,3.64,4.767
6.946,64.423,4.242,5.788
7.15,63.771,3.799,4.002
7.94,51.33,4.9,4.551
8.94,66.693,2.074,6.35
9.495,65.256,0.003,4.665
9.982,67.134,-0.304,6.373
7.13,65.979,-1.817,5.927
6.967,62.543,0.819,5.785
9.61,65.514,0.528,6.018
7.843,60.264,7.468,4.072
7.919,63.978,5.069,6.986
6.821,59.892,5.461,2.658
7.906,66.601,0.795,5.232
7.545,63.488,4.385,6.129
6.783,63.675,1.66,4.417
8.105,61.295,2.242,5.738
8.817,49.427,5.412,3.497
8.118,49.647,6.218,3.627
6.423,63.167,1.415,6.568
4.292,64.593,2.672,5.489
6.171,63.305,3.427,4.74
7.208,59.779,5.696,3.238
9.66,65.229,1.894,6.981
4.905,61.396,3.116,5.71
8.564,50.884,4.568,3.667
8.164,62.294,6.014,4.672
9.685,59.15,4.832,2.254
8.593,65.963,-0.075,6.104
6.657,61.813,5.888,7.677
4.786,64.074,1.766,5.973
7.817,66.346,-1.296,6.514
4.733,63.101,2.833,4.408
7.086,65.531,1.336,7.029
7.085,61.983,7.115,5.04
9.892,64.736,-0.219,5.37
5.119,62.364,2.103,4.797
7.047,50.441,3.289,6.5
6.366,63.424,5.847,6.432
8.67,66.599,0.928,8.206
5.448,63.108,2.78,5.571
8.167,60.818,6.247,4.076
5.864,63.349,3.401,5.127
7.782,62.731,3.115,5.537
9.193,62.923,7.498,3.42
7.628,62.764,6.903,4.653
7.022,65.426,0.95,5.534
6.055,63.894,2.838,7.158
8.172,61.036,6.742,3.609
7.628,61.505,6.324,3.954
10.374,65.547,0.857,6.131
10.2,66.177,0.011,6.863
7.79,62.203,3.814,3.981
7.178,60.39,7.655,4.877
8.209,50.598,4.356,3.677
8.464,67.766,1.631,6.538
9.007,51.818,5.477,4.381
7.646,63.65,5.699,3.471
5.229,59.31,4.285,3.736
8.59,66.054,-0.097,7.099
5.136,63.626,3.521,5.95
9.105,49.361,4.133,4.364
8.896,66.604,2.538,5.495
7.946,63.902,5.276,7.264
9.323,66.608,-0.563,4.763
6.14,61.415,7.089,5.455
8.697,62.256,4.129,4.953
8.938,67.307,-0.52,5.838
6.744,60.577,7.531,3.671
5.604,63.889,2.038,6.517
9.403,49.444,3.191,3.577
6.035,63.325,3.449,5.707
7.945,61.935,3.261,5.41
10.08,64.122,-1.42,6.276
8.32,64.523,4.952,7.377
9.813,65.699,0.486,6.587
7.99,62.633,6.256,3.424
10.111,66.308,0.858,7.095
7.267,62.138,5.105,6.055
8.599,67.398,-0.688,6.286
9.603,50.252,2.955,6.079
5.868,62.96,2.973,5.701
7.449,63.35,2.571,5.518
6.677,61.217,5.365,2.589
8.919,49.169,4.05,4.635
6.713,63.847,1.068,4.891
6.406,65.848,0.471,7.99
8.338,65.745,1.496,5.7
9.655,51.173,5.437,4.479
9.815,65.455,-0.859,6.401
9.517,66.287,0.951,6.021
7.43,47.35,3.264,4.39
7.642,61.405,3.011,5.595
9.999,59.218,6.981,3.511
8.204,67.105,1.261,6.963
9.27,66.19,1.068,6.829
6.853,63.621,1.351,4.959
9.726,65.193,0.234,5.434
8.002,66.324,-1.13,5.341
9.139,62.715,4.911,4.301
7.39,50.401,4.406,4.808
4.832,62.765,2.862,5.812
9.023,66.237,-0.954,5.72
6.318,63.218,1.214,5.33
5.181,64.339,2.06,6.856
9.37,50.025,6.875,4.134
7.246,49.399,5.496,5.942
10.096,67.758,0.261,7.872
5.665,62.699,1.761,5.666
7.146,51.245,4.886,5.393
8.983,60.628,5.36,5.636
10.488,67.262,0.648,8.535
8.296,63.226,4.898,3.56
8.036,48.292,4.213,4.522
6.633,61.702,6.446,4.171
6.342,63.231,2.251,5.371
7.002,63.911,3.172,5.353
6.797,66.507,0.783,5.832
10.293,65.338,1.82,5.16
7.585,66.494,-0.061,5.441
7.698,49.809,4.036,3.44
8.253,66.04,1.693,7.247
8.039,62.686,6.036,4.899
9.179,67.416,-1.934,7.193
9.989,65.453,-0.9,5.417
6.193,61.484,4.479,5.122
7.07,49.749,4.09,6.033
6.141,62.729,2.908,5.808
8.318,67.179,0.515,6.692
8.034,61.75,5.863,3.363
7.573,60.712,5.609,5.898
5.731,62.434,3.526,5.373
8.175,63.26,4.261,5.936
9.225,67.615,1.35,5.568
6.362,49.222,3.547,4.837
7.676,51.176,5.294,4.644
8.914,64.757,4.681,7.601
6.724,62.771,2.843,5.555
8.945,50.529,5.68,4.395
6.788,63.68,2.894,5.227
7.791,64.5,5.24,6.936
7.067,50.0,4.21,5.47
6.474,63.247,3.204,4.896
8.745,67.609,1.131,5.826
6.381,48.427,5.782,5.429
7.622,68.263,0.594,5.215
9.429,66.698,0.143,5.25
7.235,50.05,5.797,5.022
9.976,63.851,2.296,4.783
6.686,60.074,5.732,4.448
4.909,63.782,2.377,6.65
8.674,66.824,1.627,6.935
5.15,63.197,2.731,6.342
9.365,62.094,4.321,5.604
8.141,67.063,-0.068,6.432
9.312,59.369,6.015,3.825
8.959,66.326,-1.999,5.17
6.297,63.34,0.663,6.229
4.855,64.527,2.105,4.096
6.749,63.106,3.416,5.829
6.876,50.097,6.929,4.006
9.254,66.97,0.683,7.542
7.92,62.575,4.322,4.073
7.092,61.196,3.731,2.598
6.901,48.936,5.849,1.863
5.435,63.051,2.355,6.821
7.144,60.358,7.071,5.263
8.328,65.036,3.497,4.018
7.077,64.353,4.203,7.278
5.881,61.225,3.204,5.215
6.648,63.188,2.902,5.951
7.184,62.273,1.068,4.973
8.146,49.605,5.71,6.051
9.702,49.654,5.838,4.046
6.438,63.47,6.572,5.588
8.613,50.042,2.819,5.149
6.416,50.135,3.733,4.086
10.113,65.916,1.294,6.816
6.021,62.083,2.489,5.485
7.641,64.692,-1.899,6.959
5.853,62.988,2.6,4.681
9.015,48.707,4.671,4.404
8.004,61.36,6.06,3.996
5.821,63.102,0.477,6.34
7.667,64.312,4.738,5.813
4.384,61.372,0.735,5.495
8.332,48.843,5.241,5.626
4.624,63.182,1.005,6.121
7.666,61.504,5.578,5.24
8.789,65.393,0.757,7.944
8.102,51.623,4.773,5.233
8.43,66.102,-0.404,7.481
5.66,62.632,2.215,5.836
6.59,50.073,4.808,4.641
7.347,62.306,6.613,4.687
10.0,66.46,0.697,7.537
6.26,49.816,6.376,2.717
5.736,64.63,3.745,6.129
7.648,50.976,5.041,5.107
8.435,62.136,6.548,5.195
9.728,49.945,7.189,3.301
6.526,50.323,4.888,4.312
7.274,60.028,5.42,3.916
10.467,67.355,1.253,4.321
7.531,61.926,8.1,6.357
9.275,62.885,4.396,5.519
6.761,62.306,5.535,5.575
7.241,59.358,6.305,4.661
6.245,64.431,4.529,5.11
7.22,62.884,5.7,4.452
9.713,65.294,-0.069,6.735
9.02,50.105,4.518,4.122
4.983,62.43,2.89,6.055
9.073,64.971,-0.142,8.085
9.109,67.318,-0.348,7.086
7.856,49.435,1.362,3.921
6.968,49.156,5.496,3.76
8.059,61.099,6.17,3.826
4.962,63.704,3.354,4.081
8.014,65.951,-1.451,5.535
8.28,66.926,0.348,7.756
8.351,62.249,4.297,5.652
7.217,62.505,7.263,3.682
5.379,50.438,5.22,4.37
9.685,66.331,-0.17,5.759
6.849,59.064,6.32,3.482
7.172,61.737,6.75,3.799
8.818,49.634,5.33,4.237
7.778,64.323,3.471,6.89
10.987,66.342,0.282,5.717
7.162,65.018,2.608,6.64
6.443,67.091,1.456,4.84
8.932,66.532,0.327,6.006
4.801,62.325,1.208,6.354
8.133,50.258,5.785,6.544
6.586,61.751,5.097,5.424
7.14,60.352,4.974,2.753
7.375,49.658,4.127,4.164
8.427,62.814,4.912,4.983
6.631,63.738,5.652,5.804
7.416,65.813,0.226,6.538
10.618,66.433,-1.047,6.623
10.134,66.532,0.533,4.651
7.757,64.668,1.175,4.516
6.881,63.58,3.834,4.065
8.963,66.952,2.124,8.147
10.698,66.602,-0.138,8.375
6.869,51.853,5.172,4.919
